dsp_ratio,clb_ratio,config,workload,P,total_dpes,V,H,dpes_per_replica,clbs_avail,dsps_avail,p_dpe,p_clb,p_bram,p_dsp,limit,fmax_mhz,fmax_baseline_mhz,gain,utilization,grid_w,grid_h,clb_count,dsp_count,mem_count,wc_count,run_dir
0.2,0.0,512x128,fc_512_128,14,14,1,1,1,10978,174,14,117,29,43,dpe,130.9167,130.9167,14.0,1.0,120,120,1304,56,224,14,/mnt/vault0/jiajunh5/nl-dpe-fpl/dse/round2_fc_softmax/512x128/d20_c0/fc_512_128
0.2,0.2,512x128,fc_512_128,29,56,1,1,1,8782,174,56,94,29,43,bram,115.9853,130.9167,25.6925,0.8859,120,120,2663,116,464,29,/mnt/vault0/jiajunh5/nl-dpe-fpl/dse/round2_fc_softmax/512x128/d20_c20/fc_512_128
0.2,0.4,512x128,fc_512_128,29,140,1,1,1,6586,174,140,70,29,43,bram,119.6267,130.9167,26.4991,0.9138,120,120,2663,116,464,29,/mnt/vault0/jiajunh5/nl-dpe-fpl/dse/round2_fc_softmax/512x128/d20_c40/fc_512_128
0.2,0.6,512x128,fc_512_128,29,210,1,1,1,4391,174,210,47,29,43,bram,117.1813,130.9167,25.9574,0.8951,120,120,2663,116,464,29,/mnt/vault0/jiajunh5/nl-dpe-fpl/dse/round2_fc_softmax/512x128/d20_c60/fc_512_128
0.4,0.0,512x128,fc_512_128,28,28,1,1,1,10978,145,28,117,29,36,dpe,130.714,130.9167,27.9567,0.9985,120,120,2643,112,448,28,/mnt/vault0/jiajunh5/nl-dpe-fpl/dse/round2_fc_softmax/512x128/d40_c0/fc_512_128
0.4,0.2,512x128,fc_512_128,29,70,1,1,1,8782,145,70,94,29,36,bram,124.4537,130.9167,27.5683,0.9506,120,120,2663,116,464,29,/mnt/vault0/jiajunh5/nl-dpe-fpl/dse/round2_fc_softmax/512x128/d40_c20/fc_512_128
0.4,0.4,512x128,fc_512_128,29,154,1,1,1,6586,145,154,70,29,36,bram,121.4217,130.9167,26.8967,0.9275,120,120,2663,116,464,29,/mnt/vault0/jiajunh5/nl-dpe-fpl/dse/round2_fc_softmax/512x128/d40_c40/fc_512_128
0.4,0.6,512x128,fc_512_128,29,224,1,1,1,4391,145,224,47,29,36,bram,121.1213,130.9167,26.8302,0.9252,120,120,2663,116,464,29,/mnt/vault0/jiajunh5/nl-dpe-fpl/dse/round2_fc_softmax/512x128/d40_c60/fc_512_128
0.6,0.0,512x128,fc_512_128,21,56,1,1,1,10978,87,56,117,29,21,dsp,131.1173,130.9167,21.0322,1.0015,120,120,1943,84,336,21,/mnt/vault0/jiajunh5/nl-dpe-fpl/dse/round2_fc_softmax/512x128/d60_c0/fc_512_128
0.6,0.2,512x128,fc_512_128,21,98,1,1,1,8782,87,98,94,29,21,dsp,135.41,130.9167,21.7208,1.0343,120,120,1943,84,336,21,/mnt/vault0/jiajunh5/nl-dpe-fpl/dse/round2_fc_softmax/512x128/d60_c20/fc_512_128
0.6,0.4,512x128,fc_512_128,21,168,1,1,1,6586,87,168,70,29,21,dsp,131.8347,130.9167,21.1473,1.007,120,120,1943,84,336,21,/mnt/vault0/jiajunh5/nl-dpe-fpl/dse/round2_fc_softmax/512x128/d60_c40/fc_512_128
0.6,0.6,512x128,fc_512_128,21,252,1,1,1,4391,87,252,47,29,21,dsp,129.4257,130.9167,20.7608,0.9886,120,120,1943,84,336,21,/mnt/vault0/jiajunh5/nl-dpe-fpl/dse/round2_fc_softmax/512x128/d60_c60/fc_512_128
0.8,0.0,512x128,fc_512_128,14,70,1,1,1,10978,58,70,117,29,14,dsp,134.4333,130.9167,14.3761,1.0269,120,120,1304,56,224,14,/mnt/vault0/jiajunh5/nl-dpe-fpl/dse/round2_fc_softmax/512x128/d80_c0/fc_512_128
0.8,0.2,512x128,fc_512_128,14,112,1,1,1,8782,58,112,94,29,14,dsp,136.3283,130.9167,14.5787,1.0413,120,120,1304,56,224,14,/mnt/vault0/jiajunh5/nl-dpe-fpl/dse/round2_fc_softmax/512x128/d80_c20/fc_512_128
0.8,0.4,512x128,fc_512_128,14,182,1,1,1,6586,58,182,70,29,14,dsp,128.1103,130.9167,13.6999,0.9786,120,120,1304,56,224,14,/mnt/vault0/jiajunh5/nl-dpe-fpl/dse/round2_fc_softmax/512x128/d80_c40/fc_512_128
0.8,0.6,512x128,fc_512_128,14,266,1,1,1,4391,58,266,47,29,14,dsp,132.3063,130.9167,14.1486,1.0106,120,120,1304,56,224,14,/mnt/vault0/jiajunh5/nl-dpe-fpl/dse/round2_fc_softmax/512x128/d80_c60/fc_512_128
0.2,0.0,512x128,fc_512_512,3,14,1,4,4,10978,174,3,117,29,43,dpe,139.8527,139.8527,3.0,1.0,120,120,296,12,48,12,/mnt/vault0/jiajunh5/nl-dpe-fpl/dse/round2_fc_softmax/512x128/d20_c0/fc_512_512
0.2,0.2,512x128,fc_512_512,14,56,1,4,4,8782,174,14,94,29,43,dpe,125.838,139.8527,12.5971,0.8998,120,120,1392,56,224,56,/mnt/vault0/jiajunh5/nl-dpe-fpl/dse/round2_fc_softmax/512x128/d20_c20/fc_512_512
0.2,0.4,512x128,fc_512_512,29,140,1,4,4,6586,174,35,70,29,43,bram,127.369,139.8527,26.4114,0.9107,120,120,2846,116,464,116,/mnt/vault0/jiajunh5/nl-dpe-fpl/dse/round2_fc_softmax/512x128/d20_c40/fc_512_512
0.2,0.6,512x128,fc_512_512,29,210,1,4,4,4391,174,52,47,29,43,bram,126.6877,139.8527,26.2701,0.9059,120,120,2846,116,464,116,/mnt/vault0/jiajunh5/nl-dpe-fpl/dse/round2_fc_softmax/512x128/d20_c60/fc_512_512
0.4,0.0,512x128,fc_512_512,7,28,1,4,4,10978,145,7,117,29,36,dpe,133.7667,139.8527,6.6954,0.9565,120,120,681,28,112,28,/mnt/vault0/jiajunh5/nl-dpe-fpl/dse/round2_fc_softmax/512x128/d40_c0/fc_512_512
0.4,0.2,512x128,fc_512_512,17,70,1,4,4,8782,145,17,94,29,36,dpe,124.815,139.8527,15.1721,0.8925,120,120,1633,68,272,68,/mnt/vault0/jiajunh5/nl-dpe-fpl/dse/round2_fc_softmax/512x128/d40_c20/fc_512_512
0.4,0.4,512x128,fc_512_512,29,154,1,4,4,6586,145,38,70,29,36,bram,128.3347,139.8527,26.6116,0.9176,120,120,2846,116,464,116,/mnt/vault0/jiajunh5/nl-dpe-fpl/dse/round2_fc_softmax/512x128/d40_c40/fc_512_512
0.4,0.6,512x128,fc_512_512,29,224,1,4,4,4391,145,56,47,29,36,bram,129.6717,139.8527,26.8889,0.9272,120,120,2846,116,464,116,/mnt/vault0/jiajunh5/nl-dpe-fpl/dse/round2_fc_softmax/512x128/d40_c60/fc_512_512
0.6,0.0,512x128,fc_512_512,14,56,1,4,4,10978,87,14,117,29,21,dpe,132.177,139.8527,13.2316,0.9451,120,120,1392,56,224,56,/mnt/vault0/jiajunh5/nl-dpe-fpl/dse/round2_fc_softmax/512x128/d60_c0/fc_512_512
0.6,0.2,512x128,fc_512_512,21,98,1,4,4,8782,87,24,94,29,21,dsp,135.2593,139.8527,20.3103,0.9672,120,120,2067,84,336,84,/mnt/vault0/jiajunh5/nl-dpe-fpl/dse/round2_fc_softmax/512x128/d60_c20/fc_512_512
0.6,0.4,512x128,fc_512_512,21,168,1,4,4,6586,87,42,70,29,21,dsp,129.465,139.8527,19.4402,0.9257,120,120,2067,84,336,84,/mnt/vault0/jiajunh5/nl-dpe-fpl/dse/round2_fc_softmax/512x128/d60_c40/fc_512_512
0.6,0.6,512x128,fc_512_512,21,252,1,4,4,4391,87,63,47,29,21,dsp,130.612,139.8527,19.6124,0.9339,120,120,2067,84,336,84,/mnt/vault0/jiajunh5/nl-dpe-fpl/dse/round2_fc_softmax/512x128/d60_c60/fc_512_512
0.8,0.0,512x128,fc_512_512,14,70,1,4,4,10978,58,17,117,29,14,dsp,133.0827,139.8527,13.3223,0.9516,120,120,1392,56,224,56,/mnt/vault0/jiajunh5/nl-dpe-fpl/dse/round2_fc_softmax/512x128/d80_c0/fc_512_512
0.8,0.2,512x128,fc_512_512,14,112,1,4,4,8782,58,28,94,29,14,dsp,135.8987,139.8527,13.6042,0.9717,120,120,1392,56,224,56,/mnt/vault0/jiajunh5/nl-dpe-fpl/dse/round2_fc_softmax/512x128/d80_c20/fc_512_512
0.8,0.4,512x128,fc_512_512,14,182,1,4,4,6586,58,45,70,29,14,dsp,129.0597,139.8527,12.9196,0.9228,120,120,1392,56,224,56,/mnt/vault0/jiajunh5/nl-dpe-fpl/dse/round2_fc_softmax/512x128/d80_c40/fc_512_512
0.8,0.6,512x128,fc_512_512,14,266,1,4,4,4391,58,66,47,29,14,dsp,126.5507,139.8527,12.6684,0.9049,120,120,1392,56,224,56,/mnt/vault0/jiajunh5/nl-dpe-fpl/dse/round2_fc_softmax/512x128/d80_c60/fc_512_512
0.2,0.0,512x128,fc_2048_256,1,14,4,2,8,10978,174,1,117,29,43,dpe,142.3757,142.3757,1.0,1.0,120,120,101,4,18,8,/mnt/vault0/jiajunh5/nl-dpe-fpl/dse/round2_fc_softmax/512x128/d20_c0/fc_2048_256
0.2,0.2,512x128,fc_2048_256,7,56,4,2,8,8782,174,7,94,29,43,dpe,133.8653,142.3757,6.5816,0.9402,120,120,745,28,126,56,/mnt/vault0/jiajunh5/nl-dpe-fpl/dse/round2_fc_softmax/512x128/d20_c20/fc_2048_256
0.2,0.4,512x128,fc_2048_256,17,140,4,2,8,6586,174,17,70,29,43,dpe,115.304,142.3757,13.7676,0.8099,120,120,1764,68,306,136,/mnt/vault0/jiajunh5/nl-dpe-fpl/dse/round2_fc_softmax/512x128/d20_c40/fc_2048_256
0.2,0.6,512x128,fc_2048_256,26,210,4,2,8,4391,174,26,47,29,43,dpe,117.2127,142.3757,21.4048,0.8233,120,120,2742,104,468,208,/mnt/vault0/jiajunh5/nl-dpe-fpl/dse/round2_fc_softmax/512x128/d20_c60/fc_2048_256
0.4,0.0,512x128,fc_2048_256,3,28,4,2,8,10978,145,3,117,29,36,dpe,137.0067,142.3757,2.8869,0.9623,120,120,316,12,54,24,/mnt/vault0/jiajunh5/nl-dpe-fpl/dse/round2_fc_softmax/512x128/d40_c0/fc_2048_256
0.4,0.2,512x128,fc_2048_256,8,70,4,2,8,8782,145,8,94,29,36,dpe,122.9927,142.3757,6.9109,0.8639,120,120,840,32,144,64,/mnt/vault0/jiajunh5/nl-dpe-fpl/dse/round2_fc_softmax/512x128/d40_c20/fc_2048_256
0.4,0.4,512x128,fc_2048_256,19,154,4,2,8,6586,145,19,70,29,36,dpe,122.3203,142.3757,16.3236,0.8591,120,120,2016,76,342,152,/mnt/vault0/jiajunh5/nl-dpe-fpl/dse/round2_fc_softmax/512x128/d40_c40/fc_2048_256
0.6,0.0,512x128,fc_2048_256,7,56,4,2,8,10978,87,7,117,29,21,dpe,132.386,142.3757,6.5089,0.9298,120,120,745,28,126,56,/mnt/vault0/jiajunh5/nl-dpe-fpl/dse/round2_fc_softmax/512x128/d60_c0/fc_2048_256
0.6,0.2,512x128,fc_2048_256,12,98,4,2,8,8782,87,12,94,29,21,dpe,127.9043,142.3757,10.7803,0.8984,120,120,1266,48,216,96,/mnt/vault0/jiajunh5/nl-dpe-fpl/dse/round2_fc_softmax/512x128/d60_c20/fc_2048_256
0.6,0.4,512x128,fc_2048_256,21,168,4,2,8,6586,87,21,70,29,21,dsp,128.1827,142.3757,18.9066,0.9003,120,120,2233,84,378,168,/mnt/vault0/jiajunh5/nl-dpe-fpl/dse/round2_fc_softmax/512x128/d60_c40/fc_2048_256
0.6,0.6,512x128,fc_2048_256,21,252,4,2,8,4391,87,31,47,29,21,dsp,123.4433,142.3757,18.2075,0.867,120,120,2233,84,378,168,/mnt/vault0/jiajunh5/nl-dpe-fpl/dse/round2_fc_softmax/512x128/d60_c60/fc_2048_256
0.8,0.0,512x128,fc_2048_256,8,70,4,2,8,10978,58,8,117,29,14,dpe,131.135,142.3757,7.3684,0.921,120,120,840,32,144,64,/mnt/vault0/jiajunh5/nl-dpe-fpl/dse/round2_fc_softmax/512x128/d80_c0/fc_2048_256
0.8,0.2,512x128,fc_2048_256,14,112,4,2,8,8782,58,14,94,29,14,dsp,120.1207,142.3757,11.8116,0.8437,120,120,1492,56,252,112,/mnt/vault0/jiajunh5/nl-dpe-fpl/dse/round2_fc_softmax/512x128/d80_c20/fc_2048_256
0.8,0.4,512x128,fc_2048_256,14,182,4,2,8,6586,58,22,70,29,14,dsp,120.1857,142.3757,11.818,0.8441,120,120,1492,56,252,112,/mnt/vault0/jiajunh5/nl-dpe-fpl/dse/round2_fc_softmax/512x128/d80_c40/fc_2048_256
0.8,0.6,512x128,fc_2048_256,14,266,4,2,8,4391,58,33,47,29,14,dsp,119.861,142.3757,11.7861,0.8419,120,120,1492,56,252,112,/mnt/vault0/jiajunh5/nl-dpe-fpl/dse/round2_fc_softmax/512x128/d80_c60/fc_2048_256
0.2,0.0,1024x128,fc_512_128,10,10,1,1,1,10978,174,10,117,29,43,dpe,137.7007,137.7007,10.0,1.0,120,120,928,40,160,10,/mnt/vault0/jiajunh5/nl-dpe-fpl/dse/round2_fc_softmax/1024x128/d20_c0/fc_512_128
0.2,0.2,1024x128,fc_512_128,29,40,1,1,1,8782,174,40,94,29,43,bram,120.542,137.7007,25.3864,0.8754,120,120,2663,116,464,29,/mnt/vault0/jiajunh5/nl-dpe-fpl/dse/round2_fc_softmax/1024x128/d20_c20/fc_512_128
0.2,0.4,1024x128,fc_512_128,29,100,1,1,1,6586,174,100,70,29,43,bram,123.1853,137.7007,25.943,0.8946,120,120,2663,116,464,29,/mnt/vault0/jiajunh5/nl-dpe-fpl/dse/round2_fc_softmax/1024x128/d20_c40/fc_512_128
0.2,0.6,1024x128,fc_512_128,29,150,1,1,1,4391,174,150,47,29,43,bram,111.5913,137.7007,23.5013,0.8104,120,120,2663,116,464,29,/mnt/vault0/jiajunh5/nl-dpe-fpl/dse/round2_fc_softmax/1024x128/d20_c60/fc_512_128
0.4,0.0,1024x128,fc_512_128,20,20,1,1,1,10978,145,20,117,29,36,dpe,126.64,137.7007,18.3935,0.9197,120,120,1836,80,320,20,/mnt/vault0/jiajunh5/nl-dpe-fpl/dse/round2_fc_softmax/1024x128/d40_c0/fc_512_128
0.4,0.2,1024x128,fc_512_128,29,50,1,1,1,8782,145,50,94,29,36,bram,121.6337,137.7007,25.6163,0.8833,120,120,2663,116,464,29,/mnt/vault0/jiajunh5/nl-dpe-fpl/dse/round2_fc_softmax/1024x128/d40_c20/fc_512_128
0.4,0.4,1024x128,fc_512_128,29,110,1,1,1,6586,145,110,70,29,36,bram,122.1777,137.7007,25.7308,0.8873,120,120,2663,116,464,29,/mnt/vault0/jiajunh5/nl-dpe-fpl/dse/round2_fc_softmax/1024x128/d40_c40/fc_512_128
0.4,0.6,1024x128,fc_512_128,29,160,1,1,1,4391,145,160,47,29,36,bram,117.9853,137.7007,24.8479,0.8568,120,120,2663,116,464,29,/mnt/vault0/jiajunh5/nl-dpe-fpl/dse/round2_fc_softmax/1024x128/d40_c60/fc_512_128
0.6,0.0,1024x128,fc_512_128,21,40,1,1,1,10978,87,40,117,29,21,dsp,135.3597,137.7007,20.643,0.983,120,120,1943,84,336,21,/mnt/vault0/jiajunh5/nl-dpe-fpl/dse/round2_fc_softmax/1024x128/d60_c0/fc_512_128
0.6,0.2,1024x128,fc_512_128,21,70,1,1,1,8782,87,70,94,29,21,dsp,133.6953,137.7007,20.3892,0.9709,120,120,1943,84,336,21,/mnt/vault0/jiajunh5/nl-dpe-fpl/dse/round2_fc_softmax/1024x128/d60_c20/fc_512_128
0.6,0.4,1024x128,fc_512_128,21,120,1,1,1,6586,87,120,70,29,21,dsp,136.0923,137.7007,20.7547,0.9883,120,120,1943,84,336,21,/mnt/vault0/jiajunh5/nl-dpe-fpl/dse/round2_fc_softmax/1024x128/d60_c40/fc_512_128
0.6,0.6,1024x128,fc_512_128,21,180,1,1,1,4391,87,180,47,29,21,dsp,133.5057,137.7007,20.3602,0.9695,120,120,1943,84,336,21,/mnt/vault0/jiajunh5/nl-dpe-fpl/dse/round2_fc_softmax/1024x128/d60_c60/fc_512_128
0.8,0.0,1024x128,fc_512_128,14,50,1,1,1,10978,58,50,117,29,14,dsp,135.868,137.7007,13.8137,0.9867,120,120,1304,56,224,14,/mnt/vault0/jiajunh5/nl-dpe-fpl/dse/round2_fc_softmax/1024x128/d80_c0/fc_512_128
0.8,0.2,1024x128,fc_512_128,14,80,1,1,1,8782,58,80,94,29,14,dsp,133.5593,137.7007,13.579,0.9699,120,120,1304,56,224,14,/mnt/vault0/jiajunh5/nl-dpe-fpl/dse/round2_fc_softmax/1024x128/d80_c20/fc_512_128
0.8,0.4,1024x128,fc_512_128,14,130,1,1,1,6586,58,130,70,29,14,dsp,131.3927,137.7007,13.3587,0.9542,120,120,1304,56,224,14,/mnt/vault0/jiajunh5/nl-dpe-fpl/dse/round2_fc_softmax/1024x128/d80_c40/fc_512_128
0.8,0.6,1024x128,fc_512_128,14,190,1,1,1,4391,58,190,47,29,14,dsp,130.13,137.7007,13.2303,0.945,120,120,1304,56,224,14,/mnt/vault0/jiajunh5/nl-dpe-fpl/dse/round2_fc_softmax/1024x128/d80_c60/fc_512_128
0.2,0.0,1024x128,fc_512_512,2,10,1,4,4,10978,174,2,117,29,43,dpe,147.6473,147.6473,2.0,1.0,120,120,198,8,32,8,/mnt/vault0/jiajunh5/nl-dpe-fpl/dse/round2_fc_softmax/1024x128/d20_c0/fc_512_512
0.2,0.2,1024x128,fc_512_512,10,40,1,4,4,8782,174,10,94,29,43,dpe,133.929,147.6473,9.0709,0.9071,120,120,984,40,160,40,/mnt/vault0/jiajunh5/nl-dpe-fpl/dse/round2_fc_softmax/1024x128/d20_c20/fc_512_512
0.2,0.4,1024x128,fc_512_512,25,100,1,4,4,6586,174,25,70,29,43,dpe,124.0617,147.6473,21.0064,0.8403,120,120,2417,100,400,100,/mnt/vault0/jiajunh5/nl-dpe-fpl/dse/round2_fc_softmax/1024x128/d20_c40/fc_512_512
0.2,0.6,1024x128,fc_512_512,29,150,1,4,4,4391,174,37,47,29,43,bram,125.1583,147.6473,24.5828,0.8477,120,120,2846,116,464,116,/mnt/vault0/jiajunh5/nl-dpe-fpl/dse/round2_fc_softmax/1024x128/d20_c60/fc_512_512
0.4,0.0,1024x128,fc_512_512,5,20,1,4,4,10978,145,5,117,29,36,dpe,132.957,147.6473,4.5025,0.9005,120,120,490,20,80,20,/mnt/vault0/jiajunh5/nl-dpe-fpl/dse/round2_fc_softmax/1024x128/d40_c0/fc_512_512
0.4,0.2,1024x128,fc_512_512,12,50,1,4,4,8782,145,12,94,29,36,dpe,137.4717,147.6473,11.173,0.9311,120,120,1185,48,192,48,/mnt/vault0/jiajunh5/nl-dpe-fpl/dse/round2_fc_softmax/1024x128/d40_c20/fc_512_512
0.4,0.4,1024x128,fc_512_512,27,110,1,4,4,6586,145,27,70,29,36,dpe,126.0763,147.6473,23.0554,0.8539,120,120,2590,108,432,108,/mnt/vault0/jiajunh5/nl-dpe-fpl/dse/round2_fc_softmax/1024x128/d40_c40/fc_512_512
0.4,0.6,1024x128,fc_512_512,29,160,1,4,4,4391,145,40,47,29,36,bram,126.5783,147.6473,24.8618,0.8573,120,120,2846,116,464,116,/mnt/vault0/jiajunh5/nl-dpe-fpl/dse/round2_fc_softmax/1024x128/d40_c60/fc_512_512
0.6,0.0,1024x128,fc_512_512,10,40,1,4,4,10978,87,10,117,29,21,dpe,132.209,147.6473,8.9544,0.8954,120,120,984,40,160,40,/mnt/vault0/jiajunh5/nl-dpe-fpl/dse/round2_fc_softmax/1024x128/d60_c0/fc_512_512
0.6,0.2,1024x128,fc_512_512,17,70,1,4,4,8782,87,17,94,29,21,dpe,130.2227,147.6473,14.9937,0.882,120,120,1633,68,272,68,/mnt/vault0/jiajunh5/nl-dpe-fpl/dse/round2_fc_softmax/1024x128/d60_c20/fc_512_512
0.6,0.4,1024x128,fc_512_512,21,120,1,4,4,6586,87,30,70,29,21,dsp,132.2907,147.6473,18.8158,0.896,120,120,2067,84,336,84,/mnt/vault0/jiajunh5/nl-dpe-fpl/dse/round2_fc_softmax/1024x128/d60_c40/fc_512_512
0.6,0.6,1024x128,fc_512_512,21,180,1,4,4,4391,87,45,47,29,21,dsp,125.7737,147.6473,17.8889,0.8519,120,120,2067,84,336,84,/mnt/vault0/jiajunh5/nl-dpe-fpl/dse/round2_fc_softmax/1024x128/d60_c60/fc_512_512
0.8,0.0,1024x128,fc_512_512,12,50,1,4,4,10978,58,12,117,29,14,dpe,132.37,147.6473,10.7583,0.8965,120,120,1185,48,192,48,/mnt/vault0/jiajunh5/nl-dpe-fpl/dse/round2_fc_softmax/1024x128/d80_c0/fc_512_512
0.8,0.2,1024x128,fc_512_512,14,80,1,4,4,8782,58,20,94,29,14,dsp,135.4873,147.6473,12.847,0.9176,120,120,1392,56,224,56,/mnt/vault0/jiajunh5/nl-dpe-fpl/dse/round2_fc_softmax/1024x128/d80_c20/fc_512_512
0.8,0.4,1024x128,fc_512_512,14,130,1,4,4,6586,58,32,70,29,14,dsp,127.534,147.6473,12.0928,0.8638,120,120,1392,56,224,56,/mnt/vault0/jiajunh5/nl-dpe-fpl/dse/round2_fc_softmax/1024x128/d80_c40/fc_512_512
0.8,0.6,1024x128,fc_512_512,14,190,1,4,4,4391,58,47,47,29,14,dsp,125.6083,147.6473,11.9103,0.8507,120,120,1392,56,224,56,/mnt/vault0/jiajunh5/nl-dpe-fpl/dse/round2_fc_softmax/1024x128/d80_c60/fc_512_512
0.2,0.0,1024x128,fc_2048_256,2,10,2,2,4,10978,174,2,117,29,43,dpe,137.526,137.526,2.0,1.0,120,120,203,8,36,8,/mnt/vault0/jiajunh5/nl-dpe-fpl/dse/round2_fc_softmax/1024x128/d20_c0/fc_2048_256
0.2,0.2,1024x128,fc_2048_256,10,40,2,2,4,8782,174,10,94,29,43,dpe,118.3733,137.526,8.6073,0.8607,120,120,987,40,180,40,/mnt/vault0/jiajunh5/nl-dpe-fpl/dse/round2_fc_softmax/1024x128/d20_c20/fc_2048_256
0.2,0.4,1024x128,fc_2048_256,25,100,2,2,4,6586,174,25,70,29,43,dpe,124.3007,137.526,22.5958,0.9038,120,120,2513,100,450,100,/mnt/vault0/jiajunh5/nl-dpe-fpl/dse/round2_fc_softmax/1024x128/d20_c40/fc_2048_256
0.4,0.0,1024x128,fc_2048_256,5,20,2,2,4,10978,145,5,117,29,36,dpe,135.2727,137.526,4.9181,0.9836,120,120,508,20,90,20,/mnt/vault0/jiajunh5/nl-dpe-fpl/dse/round2_fc_softmax/1024x128/d40_c0/fc_2048_256
0.4,0.2,1024x128,fc_2048_256,12,50,2,2,4,8782,145,12,94,29,36,dpe,133.0437,137.526,11.6089,0.9674,120,120,1204,48,216,48,/mnt/vault0/jiajunh5/nl-dpe-fpl/dse/round2_fc_softmax/1024x128/d40_c20/fc_2048_256
0.6,0.0,1024x128,fc_2048_256,10,40,2,2,4,10978,87,10,117,29,21,dpe,120.1423,137.526,8.736,0.8736,120,120,987,40,180,40,/mnt/vault0/jiajunh5/nl-dpe-fpl/dse/round2_fc_softmax/1024x128/d60_c0/fc_2048_256
0.6,0.2,1024x128,fc_2048_256,17,70,2,2,4,8782,87,17,94,29,21,dpe,132.617,137.526,16.3932,0.9643,120,120,1689,68,306,68,/mnt/vault0/jiajunh5/nl-dpe-fpl/dse/round2_fc_softmax/1024x128/d60_c20/fc_2048_256
0.6,0.4,1024x128,fc_2048_256,21,120,2,2,4,6586,87,30,70,29,21,dsp,129.232,137.526,19.7335,0.9397,120,120,2090,84,378,84,/mnt/vault0/jiajunh5/nl-dpe-fpl/dse/round2_fc_softmax/1024x128/d60_c40/fc_2048_256
0.6,0.6,1024x128,fc_2048_256,21,180,2,2,4,4391,87,45,47,29,21,dsp,121.8317,137.526,18.6035,0.8859,120,120,2090,84,378,84,/mnt/vault0/jiajunh5/nl-dpe-fpl/dse/round2_fc_softmax/1024x128/d60_c60/fc_2048_256
0.8,0.0,1024x128,fc_2048_256,12,50,2,2,4,10978,58,12,117,29,14,dpe,133.864,137.526,11.6805,0.9734,120,120,1204,48,216,48,/mnt/vault0/jiajunh5/nl-dpe-fpl/dse/round2_fc_softmax/1024x128/d80_c0/fc_2048_256
0.8,0.2,1024x128,fc_2048_256,14,80,2,2,4,8782,58,20,94,29,14,dsp,121.977,137.526,12.4171,0.8869,120,120,1396,56,252,56,/mnt/vault0/jiajunh5/nl-dpe-fpl/dse/round2_fc_softmax/1024x128/d80_c20/fc_2048_256
0.8,0.4,1024x128,fc_2048_256,14,130,2,2,4,6586,58,32,70,29,14,dsp,124.5543,137.526,12.6795,0.9057,120,120,1396,56,252,56,/mnt/vault0/jiajunh5/nl-dpe-fpl/dse/round2_fc_softmax/1024x128/d80_c40/fc_2048_256
0.8,0.6,1024x128,fc_2048_256,14,190,2,2,4,4391,58,47,47,29,14,dsp,120.2763,137.526,12.244,0.8746,120,120,1396,56,252,56,/mnt/vault0/jiajunh5/nl-dpe-fpl/dse/round2_fc_softmax/1024x128/d80_c60/fc_2048_256
0.2,0.0,1024x64,fc_512_128,9,19,1,2,2,10978,174,9,117,29,43,dpe,136.4593,136.4593,9.0,1.0,120,120,834,36,144,18,/mnt/vault0/jiajunh5/nl-dpe-fpl/dse/round2_fc_softmax/1024x64/d20_c0/fc_512_128
0.2,0.2,1024x64,fc_512_128,29,76,1,2,2,8782,174,38,94,29,43,bram,126.1737,136.4593,26.8141,0.9246,120,120,2756,116,464,58,/mnt/vault0/jiajunh5/nl-dpe-fpl/dse/round2_fc_softmax/1024x64/d20_c20/fc_512_128
0.2,0.4,1024x64,fc_512_128,29,190,1,2,2,6586,174,95,70,29,43,bram,126.8323,136.4593,26.9541,0.9295,120,120,2756,116,464,58,/mnt/vault0/jiajunh5/nl-dpe-fpl/dse/round2_fc_softmax/1024x64/d20_c40/fc_512_128
0.2,0.6,1024x64,fc_512_128,29,285,1,2,2,4391,174,142,47,29,43,bram,122.0823,136.4593,25.9446,0.8946,120,120,2756,116,464,58,/mnt/vault0/jiajunh5/nl-dpe-fpl/dse/round2_fc_softmax/1024x64/d20_c60/fc_512_128
0.4,0.0,1024x64,fc_512_128,19,38,1,2,2,10978,145,19,117,29,36,dpe,129.8733,136.4593,18.083,0.9517,120,120,1772,76,304,38,/mnt/vault0/jiajunh5/nl-dpe-fpl/dse/round2_fc_softmax/1024x64/d40_c0/fc_512_128
0.4,0.2,1024x64,fc_512_128,29,95,1,2,2,8782,145,47,94,29,36,bram,128.385,136.4593,27.2841,0.9408,120,120,2756,116,464,58,/mnt/vault0/jiajunh5/nl-dpe-fpl/dse/round2_fc_softmax/1024x64/d40_c20/fc_512_128
0.4,0.4,1024x64,fc_512_128,29,209,1,2,2,6586,145,104,70,29,36,bram,125.3957,136.4593,26.6488,0.9189,120,120,2756,116,464,58,/mnt/vault0/jiajunh5/nl-dpe-fpl/dse/round2_fc_softmax/1024x64/d40_c40/fc_512_128
0.4,0.6,1024x64,fc_512_128,29,304,1,2,2,4391,145,152,47,29,36,bram,125.724,136.4593,26.7186,0.9213,120,120,2756,116,464,58,/mnt/vault0/jiajunh5/nl-dpe-fpl/dse/round2_fc_softmax/1024x64/d40_c60/fc_512_128
0.6,0.0,1024x64,fc_512_128,21,76,1,2,2,10978,87,38,117,29,21,dsp,129.5177,136.4593,19.9317,0.9491,120,120,1936,84,336,42,/mnt/vault0/jiajunh5/nl-dpe-fpl/dse/round2_fc_softmax/1024x64/d60_c0/fc_512_128
0.6,0.2,1024x64,fc_512_128,21,133,1,2,2,8782,87,66,94,29,21,dsp,128.729,136.4593,19.8104,0.9434,120,120,1936,84,336,42,/mnt/vault0/jiajunh5/nl-dpe-fpl/dse/round2_fc_softmax/1024x64/d60_c20/fc_512_128
0.6,0.4,1024x64,fc_512_128,21,228,1,2,2,6586,87,114,70,29,21,dsp,127.6317,136.4593,19.6415,0.9353,120,120,1936,84,336,42,/mnt/vault0/jiajunh5/nl-dpe-fpl/dse/round2_fc_softmax/1024x64/d60_c40/fc_512_128
0.6,0.6,1024x64,fc_512_128,21,342,1,2,2,4391,87,171,47,29,21,dsp,126.594,136.4593,19.4818,0.9277,120,120,1936,84,336,42,/mnt/vault0/jiajunh5/nl-dpe-fpl/dse/round2_fc_softmax/1024x64/d60_c60/fc_512_128
0.8,0.0,1024x64,fc_512_128,14,95,1,2,2,10978,58,47,117,29,14,dsp,130.0213,136.4593,13.3395,0.9528,120,120,1303,56,224,28,/mnt/vault0/jiajunh5/nl-dpe-fpl/dse/round2_fc_softmax/1024x64/d80_c0/fc_512_128
0.8,0.2,1024x64,fc_512_128,14,152,1,2,2,8782,58,76,94,29,14,dsp,135.0273,136.4593,13.8531,0.9895,120,120,1303,56,224,28,/mnt/vault0/jiajunh5/nl-dpe-fpl/dse/round2_fc_softmax/1024x64/d80_c20/fc_512_128
0.8,0.4,1024x64,fc_512_128,14,247,1,2,2,6586,58,123,70,29,14,dsp,129.521,136.4593,13.2882,0.9492,120,120,1303,56,224,28,/mnt/vault0/jiajunh5/nl-dpe-fpl/dse/round2_fc_softmax/1024x64/d80_c40/fc_512_128
0.8,0.6,1024x64,fc_512_128,14,361,1,2,2,4391,58,180,47,29,14,dsp,128.869,136.4593,13.2213,0.9444,120,120,1303,56,224,28,/mnt/vault0/jiajunh5/nl-dpe-fpl/dse/round2_fc_softmax/1024x64/d80_c60/fc_512_128
0.2,0.0,1024x64,fc_512_512,2,19,1,8,8,10978,174,2,117,29,43,dpe,138.8043,138.8043,2.0,1.0,120,120,198,8,32,16,/mnt/vault0/jiajunh5/nl-dpe-fpl/dse/round2_fc_softmax/1024x64/d20_c0/fc_512_512
0.2,0.2,1024x64,fc_512_512,9,76,1,8,8,8782,174,9,94,29,43,dpe,133.0403,138.8043,8.6263,0.9585,120,120,877,36,144,72,/mnt/vault0/jiajunh5/nl-dpe-fpl/dse/round2_fc_softmax/1024x64/d20_c20/fc_512_512
0.2,0.4,1024x64,fc_512_512,23,190,1,8,8,6586,174,23,70,29,43,dpe,129.4357,138.8043,21.4476,0.9325,120,120,2215,92,368,184,/mnt/vault0/jiajunh5/nl-dpe-fpl/dse/round2_fc_softmax/1024x64/d20_c40/fc_512_512
0.2,0.6,1024x64,fc_512_512,29,285,1,8,8,4391,174,35,47,29,43,bram,126.0093,138.8043,26.3268,0.9078,120,120,2839,116,464,232,/mnt/vault0/jiajunh5/nl-dpe-fpl/dse/round2_fc_softmax/1024x64/d20_c60/fc_512_512
0.4,0.0,1024x64,fc_512_512,4,38,1,8,8,10978,145,4,117,29,36,dpe,131.205,138.8043,3.781,0.9453,120,120,382,16,64,32,/mnt/vault0/jiajunh5/nl-dpe-fpl/dse/round2_fc_softmax/1024x64/d40_c0/fc_512_512
0.4,0.2,1024x64,fc_512_512,11,95,1,8,8,8782,145,11,94,29,36,dpe,131.4793,138.8043,10.4195,0.9472,120,120,1074,44,176,88,/mnt/vault0/jiajunh5/nl-dpe-fpl/dse/round2_fc_softmax/1024x64/d40_c20/fc_512_512
0.4,0.4,1024x64,fc_512_512,26,209,1,8,8,6586,145,26,70,29,36,dpe,127.8853,138.8043,23.9547,0.9213,120,120,2547,104,416,208,/mnt/vault0/jiajunh5/nl-dpe-fpl/dse/round2_fc_softmax/1024x64/d40_c40/fc_512_512
0.4,0.6,1024x64,fc_512_512,29,304,1,8,8,4391,145,38,47,29,36,bram,124.6803,138.8043,26.0491,0.8982,120,120,2839,116,464,232,/mnt/vault0/jiajunh5/nl-dpe-fpl/dse/round2_fc_softmax/1024x64/d40_c60/fc_512_512
0.6,0.0,1024x64,fc_512_512,9,76,1,8,8,10978,87,9,117,29,21,dpe,139.746,138.8043,9.0611,1.0068,120,120,877,36,144,72,/mnt/vault0/jiajunh5/nl-dpe-fpl/dse/round2_fc_softmax/1024x64/d60_c0/fc_512_512
0.6,0.2,1024x64,fc_512_512,16,133,1,8,8,8782,87,16,94,29,21,dpe,130.7627,138.8043,15.073,0.9421,120,120,1575,64,256,128,/mnt/vault0/jiajunh5/nl-dpe-fpl/dse/round2_fc_softmax/1024x64/d60_c20/fc_512_512
0.6,0.4,1024x64,fc_512_512,21,228,1,8,8,6586,87,28,70,29,21,dsp,133.2383,138.8043,20.1579,0.9599,120,120,2048,84,336,168,/mnt/vault0/jiajunh5/nl-dpe-fpl/dse/round2_fc_softmax/1024x64/d60_c40/fc_512_512
0.6,0.6,1024x64,fc_512_512,21,342,1,8,8,4391,87,42,47,29,21,dsp,128.1383,138.8043,19.3863,0.9232,120,120,2048,84,336,168,/mnt/vault0/jiajunh5/nl-dpe-fpl/dse/round2_fc_softmax/1024x64/d60_c60/fc_512_512
0.8,0.0,1024x64,fc_512_512,11,95,1,8,8,10978,58,11,117,29,14,dpe,136.146,138.8043,10.7893,0.9808,120,120,1074,44,176,88,/mnt/vault0/jiajunh5/nl-dpe-fpl/dse/round2_fc_softmax/1024x64/d80_c0/fc_512_512
0.8,0.2,1024x64,fc_512_512,14,152,1,8,8,8782,58,19,94,29,14,dsp,133.816,138.8043,13.4969,0.9641,120,120,1373,56,224,112,/mnt/vault0/jiajunh5/nl-dpe-fpl/dse/round2_fc_softmax/1024x64/d80_c20/fc_512_512
0.8,0.4,1024x64,fc_512_512,14,247,1,8,8,6586,58,30,70,29,14,dsp,135.108,138.8043,13.6272,0.9734,120,120,1373,56,224,112,/mnt/vault0/jiajunh5/nl-dpe-fpl/dse/round2_fc_softmax/1024x64/d80_c40/fc_512_512
0.8,0.6,1024x64,fc_512_512,14,361,1,8,8,4391,58,45,47,29,14,dsp,131.826,138.8043,13.2962,0.9497,120,120,1373,56,224,112,/mnt/vault0/jiajunh5/nl-dpe-fpl/dse/round2_fc_softmax/1024x64/d80_c60/fc_512_512
0.2,0.0,1024x64,fc_2048_256,2,19,2,4,8,10978,174,2,117,29,43,dpe,137.5243,137.5243,2.0,1.0,120,120,202,8,36,16,/mnt/vault0/jiajunh5/nl-dpe-fpl/dse/round2_fc_softmax/1024x64/d20_c0/fc_2048_256
0.2,0.2,1024x64,fc_2048_256,9,76,2,4,8,8782,174,9,94,29,43,dpe,127.7587,137.5243,8.3609,0.929,120,120,901,36,162,72,/mnt/vault0/jiajunh5/nl-dpe-fpl/dse/round2_fc_softmax/1024x64/d20_c20/fc_2048_256
0.2,0.4,1024x64,fc_2048_256,23,190,2,4,8,6586,174,23,70,29,43,dpe,111.5753,137.5243,18.6602,0.8113,120,120,2286,92,414,184,/mnt/vault0/jiajunh5/nl-dpe-fpl/dse/round2_fc_softmax/1024x64/d20_c40/fc_2048_256
0.4,0.0,1024x64,fc_2048_256,4,38,2,4,8,10978,145,4,117,29,36,dpe,137.8337,137.5243,4.009,1.0022,120,120,399,16,72,32,/mnt/vault0/jiajunh5/nl-dpe-fpl/dse/round2_fc_softmax/1024x64/d40_c0/fc_2048_256
0.4,0.2,1024x64,fc_2048_256,11,95,2,4,8,8782,145,11,94,29,36,dpe,126.0043,137.5243,10.0786,0.9162,120,120,1088,44,198,88,/mnt/vault0/jiajunh5/nl-dpe-fpl/dse/round2_fc_softmax/1024x64/d40_c20/fc_2048_256
0.4,0.4,1024x64,fc_2048_256,26,209,2,4,8,6586,145,26,70,29,36,dpe,129.4557,137.5243,24.4746,0.9413,120,120,2640,104,468,208,/mnt/vault0/jiajunh5/nl-dpe-fpl/dse/round2_fc_softmax/1024x64/d40_c40/fc_2048_256
0.6,0.0,1024x64,fc_2048_256,9,76,2,4,8,10978,87,9,117,29,21,dpe,133.1517,137.5243,8.7138,0.9682,120,120,901,36,162,72,/mnt/vault0/jiajunh5/nl-dpe-fpl/dse/round2_fc_softmax/1024x64/d60_c0/fc_2048_256
0.6,0.2,1024x64,fc_2048_256,16,133,2,4,8,8782,87,16,94,29,21,dpe,120.6017,137.5243,14.0312,0.8769,120,120,1592,64,288,128,/mnt/vault0/jiajunh5/nl-dpe-fpl/dse/round2_fc_softmax/1024x64/d60_c20/fc_2048_256
0.6,0.4,1024x64,fc_2048_256,21,228,2,4,8,6586,87,28,70,29,21,dsp,118.365,137.5243,18.0744,0.8607,120,120,2117,84,378,168,/mnt/vault0/jiajunh5/nl-dpe-fpl/dse/round2_fc_softmax/1024x64/d60_c40/fc_2048_256
0.6,0.6,1024x64,fc_2048_256,21,342,2,4,8,4391,87,42,47,29,21,dsp,120.1617,137.5243,18.3487,0.8737,120,120,2117,84,378,168,/mnt/vault0/jiajunh5/nl-dpe-fpl/dse/round2_fc_softmax/1024x64/d60_c60/fc_2048_256
0.8,0.0,1024x64,fc_2048_256,11,95,2,4,8,10978,58,11,117,29,14,dpe,124.289,137.5243,9.9414,0.9038,120,120,1088,44,198,88,/mnt/vault0/jiajunh5/nl-dpe-fpl/dse/round2_fc_softmax/1024x64/d80_c0/fc_2048_256
0.8,0.2,1024x64,fc_2048_256,14,152,2,4,8,8782,58,19,94,29,14,dsp,132.0023,137.5243,13.4379,0.9598,120,120,1417,56,252,112,/mnt/vault0/jiajunh5/nl-dpe-fpl/dse/round2_fc_softmax/1024x64/d80_c20/fc_2048_256
0.8,0.4,1024x64,fc_2048_256,14,247,2,4,8,6586,58,30,70,29,14,dsp,129.6747,137.5243,13.2009,0.9429,120,120,1417,56,252,112,/mnt/vault0/jiajunh5/nl-dpe-fpl/dse/round2_fc_softmax/1024x64/d80_c40/fc_2048_256
0.8,0.6,1024x64,fc_2048_256,14,361,2,4,8,4391,58,45,47,29,14,dsp,123.3133,137.5243,12.5533,0.8967,120,120,1417,56,252,112,/mnt/vault0/jiajunh5/nl-dpe-fpl/dse/round2_fc_softmax/1024x64/d80_c60/fc_2048_256
0.2,0.0,1024x256,fc_512_128,13,13,1,1,1,10978,174,13,117,29,43,dpe,129.6137,129.6137,13.0,1.0,120,120,1199,52,208,13,/mnt/vault0/jiajunh5/nl-dpe-fpl/dse/round2_fc_softmax/1024x256/d20_c0/fc_512_128
0.2,0.2,1024x256,fc_512_128,13,13,1,1,1,8782,174,13,94,29,43,dpe,129.6137,129.6137,13.0,1.0,120,120,1199,52,208,13,/mnt/vault0/jiajunh5/nl-dpe-fpl/dse/round2_fc_softmax/1024x256/d20_c20/fc_512_128
0.2,0.4,1024x256,fc_512_128,13,13,1,1,1,6586,174,13,70,29,43,dpe,129.6137,129.6137,13.0,1.0,120,120,1199,52,208,13,/mnt/vault0/jiajunh5/nl-dpe-fpl/dse/round2_fc_softmax/1024x256/d20_c40/fc_512_128
0.2,0.6,1024x256,fc_512_128,29,39,1,1,1,4391,174,39,47,29,43,bram,115.696,129.6137,25.886,0.8926,120,120,2663,116,464,29,/mnt/vault0/jiajunh5/nl-dpe-fpl/dse/round2_fc_softmax/1024x256/d20_c60/fc_512_128
0.4,0.0,1024x256,fc_512_128,26,26,1,1,1,10978,145,26,117,29,36,dpe,117.6023,129.6137,23.5906,0.9073,120,120,2402,104,416,26,/mnt/vault0/jiajunh5/nl-dpe-fpl/dse/round2_fc_softmax/1024x256/d40_c0/fc_512_128
0.4,0.2,1024x256,fc_512_128,26,26,1,1,1,8782,145,26,94,29,36,dpe,117.6023,129.6137,23.5906,0.9073,120,120,2402,104,416,26,/mnt/vault0/jiajunh5/nl-dpe-fpl/dse/round2_fc_softmax/1024x256/d40_c20/fc_512_128
0.4,0.4,1024x256,fc_512_128,26,26,1,1,1,6586,145,26,70,29,36,dpe,117.6023,129.6137,23.5906,0.9073,120,120,2402,104,416,26,/mnt/vault0/jiajunh5/nl-dpe-fpl/dse/round2_fc_softmax/1024x256/d40_c40/fc_512_128
0.4,0.6,1024x256,fc_512_128,29,52,1,1,1,4391,145,52,47,29,36,bram,118.7497,129.6137,26.5693,0.9162,120,120,2663,116,464,29,/mnt/vault0/jiajunh5/nl-dpe-fpl/dse/round2_fc_softmax/1024x256/d40_c60/fc_512_128
0.6,0.0,1024x256,fc_512_128,21,52,1,1,1,10978,87,52,117,29,21,dsp,134.694,129.6137,21.8231,1.0392,120,120,1943,84,336,21,/mnt/vault0/jiajunh5/nl-dpe-fpl/dse/round2_fc_softmax/1024x256/d60_c0/fc_512_128
0.6,0.2,1024x256,fc_512_128,21,52,1,1,1,8782,87,52,94,29,21,dsp,134.694,129.6137,21.8231,1.0392,120,120,1943,84,336,21,/mnt/vault0/jiajunh5/nl-dpe-fpl/dse/round2_fc_softmax/1024x256/d60_c20/fc_512_128
0.6,0.4,1024x256,fc_512_128,21,52,1,1,1,6586,87,52,70,29,21,dsp,134.694,129.6137,21.8231,1.0392,120,120,1943,84,336,21,/mnt/vault0/jiajunh5/nl-dpe-fpl/dse/round2_fc_softmax/1024x256/d60_c40/fc_512_128
0.6,0.6,1024x256,fc_512_128,21,65,1,1,1,4391,87,65,47,29,21,dsp,132.648,129.6137,21.4916,1.0234,120,120,1943,84,336,21,/mnt/vault0/jiajunh5/nl-dpe-fpl/dse/round2_fc_softmax/1024x256/d60_c60/fc_512_128
0.8,0.0,1024x256,fc_512_128,14,65,1,1,1,10978,58,65,117,29,14,dsp,134.0813,129.6137,14.4826,1.0345,120,120,1304,56,224,14,/mnt/vault0/jiajunh5/nl-dpe-fpl/dse/round2_fc_softmax/1024x256/d80_c0/fc_512_128
0.8,0.2,1024x256,fc_512_128,14,65,1,1,1,8782,58,65,94,29,14,dsp,134.0813,129.6137,14.4826,1.0345,120,120,1304,56,224,14,/mnt/vault0/jiajunh5/nl-dpe-fpl/dse/round2_fc_softmax/1024x256/d80_c20/fc_512_128
0.8,0.4,1024x256,fc_512_128,14,65,1,1,1,6586,58,65,70,29,14,dsp,134.0813,129.6137,14.4826,1.0345,120,120,1304,56,224,14,/mnt/vault0/jiajunh5/nl-dpe-fpl/dse/round2_fc_softmax/1024x256/d80_c40/fc_512_128
0.8,0.6,1024x256,fc_512_128,14,65,1,1,1,4391,58,65,47,29,14,dsp,134.0813,129.6137,14.4826,1.0345,120,120,1304,56,224,14,/mnt/vault0/jiajunh5/nl-dpe-fpl/dse/round2_fc_softmax/1024x256/d80_c60/fc_512_128
0.2,0.0,1024x256,fc_512_512,6,13,1,2,2,10978,174,6,117,29,43,dpe,138.0293,138.0293,6.0,1.0,120,120,580,24,96,12,/mnt/vault0/jiajunh5/nl-dpe-fpl/dse/round2_fc_softmax/1024x256/d20_c0/fc_512_512
0.2,0.2,1024x256,fc_512_512,6,13,1,2,2,8782,174,6,94,29,43,dpe,138.0293,138.0293,6.0,1.0,120,120,580,24,96,12,/mnt/vault0/jiajunh5/nl-dpe-fpl/dse/round2_fc_softmax/1024x256/d20_c20/fc_512_512
0.2,0.4,1024x256,fc_512_512,6,13,1,2,2,6586,174,6,70,29,43,dpe,138.0293,138.0293,6.0,1.0,120,120,580,24,96,12,/mnt/vault0/jiajunh5/nl-dpe-fpl/dse/round2_fc_softmax/1024x256/d20_c40/fc_512_512
0.2,0.6,1024x256,fc_512_512,19,39,1,2,2,4391,174,19,47,29,43,dpe,124.7663,138.0293,17.1743,0.9039,120,120,1838,76,304,38,/mnt/vault0/jiajunh5/nl-dpe-fpl/dse/round2_fc_softmax/1024x256/d20_c60/fc_512_512
0.4,0.0,1024x256,fc_512_512,13,26,1,2,2,10978,145,13,117,29,36,dpe,132.861,138.0293,12.5132,0.9626,120,120,1256,52,208,26,/mnt/vault0/jiajunh5/nl-dpe-fpl/dse/round2_fc_softmax/1024x256/d40_c0/fc_512_512
0.4,0.2,1024x256,fc_512_512,13,26,1,2,2,8782,145,13,94,29,36,dpe,132.861,138.0293,12.5132,0.9626,120,120,1256,52,208,26,/mnt/vault0/jiajunh5/nl-dpe-fpl/dse/round2_fc_softmax/1024x256/d40_c20/fc_512_512
0.4,0.4,1024x256,fc_512_512,13,26,1,2,2,6586,145,13,70,29,36,dpe,132.861,138.0293,12.5132,0.9626,120,120,1256,52,208,26,/mnt/vault0/jiajunh5/nl-dpe-fpl/dse/round2_fc_softmax/1024x256/d40_c40/fc_512_512
0.4,0.6,1024x256,fc_512_512,26,52,1,2,2,4391,145,26,47,29,36,dpe,126.8383,138.0293,23.892,0.9189,120,120,2516,104,416,52,/mnt/vault0/jiajunh5/nl-dpe-fpl/dse/round2_fc_softmax/1024x256/d40_c60/fc_512_512
0.6,0.0,1024x256,fc_512_512,21,52,1,2,2,10978,87,26,117,29,21,dsp,131.544,138.0293,20.0133,0.953,120,120,2039,84,336,42,/mnt/vault0/jiajunh5/nl-dpe-fpl/dse/round2_fc_softmax/1024x256/d60_c0/fc_512_512
0.6,0.2,1024x256,fc_512_512,21,52,1,2,2,8782,87,26,94,29,21,dsp,131.544,138.0293,20.0133,0.953,120,120,2039,84,336,42,/mnt/vault0/jiajunh5/nl-dpe-fpl/dse/round2_fc_softmax/1024x256/d60_c20/fc_512_512
0.6,0.4,1024x256,fc_512_512,21,52,1,2,2,6586,87,26,70,29,21,dsp,131.544,138.0293,20.0133,0.953,120,120,2039,84,336,42,/mnt/vault0/jiajunh5/nl-dpe-fpl/dse/round2_fc_softmax/1024x256/d60_c40/fc_512_512
0.6,0.6,1024x256,fc_512_512,21,65,1,2,2,4391,87,32,47,29,21,dsp,130.5347,138.0293,19.8597,0.9457,120,120,2039,84,336,42,/mnt/vault0/jiajunh5/nl-dpe-fpl/dse/round2_fc_softmax/1024x256/d60_c60/fc_512_512
0.8,0.0,1024x256,fc_512_512,14,65,1,2,2,10978,58,32,117,29,14,dsp,134.2207,138.0293,13.6137,0.9724,120,120,1350,56,224,28,/mnt/vault0/jiajunh5/nl-dpe-fpl/dse/round2_fc_softmax/1024x256/d80_c0/fc_512_512
0.8,0.2,1024x256,fc_512_512,14,65,1,2,2,8782,58,32,94,29,14,dsp,134.2207,138.0293,13.6137,0.9724,120,120,1350,56,224,28,/mnt/vault0/jiajunh5/nl-dpe-fpl/dse/round2_fc_softmax/1024x256/d80_c20/fc_512_512
0.8,0.4,1024x256,fc_512_512,14,65,1,2,2,6586,58,32,70,29,14,dsp,134.2207,138.0293,13.6137,0.9724,120,120,1350,56,224,28,/mnt/vault0/jiajunh5/nl-dpe-fpl/dse/round2_fc_softmax/1024x256/d80_c40/fc_512_512
0.8,0.6,1024x256,fc_512_512,14,65,1,2,2,4391,58,32,47,29,14,dsp,134.2207,138.0293,13.6137,0.9724,120,120,1350,56,224,28,/mnt/vault0/jiajunh5/nl-dpe-fpl/dse/round2_fc_softmax/1024x256/d80_c60/fc_512_512
0.2,0.0,1024x256,fc_2048_256,6,13,2,1,2,10978,174,6,117,29,43,dpe,126.5667,126.5667,6.0,1.0,120,120,597,24,108,12,/mnt/vault0/jiajunh5/nl-dpe-fpl/dse/round2_fc_softmax/1024x256/d20_c0/fc_2048_256
0.2,0.2,1024x256,fc_2048_256,6,13,2,1,2,8782,174,6,94,29,43,dpe,126.5667,126.5667,6.0,1.0,120,120,597,24,108,12,/mnt/vault0/jiajunh5/nl-dpe-fpl/dse/round2_fc_softmax/1024x256/d20_c20/fc_2048_256
0.2,0.4,1024x256,fc_2048_256,6,13,2,1,2,6586,174,6,70,29,43,dpe,126.5667,126.5667,6.0,1.0,120,120,597,24,108,12,/mnt/vault0/jiajunh5/nl-dpe-fpl/dse/round2_fc_softmax/1024x256/d20_c40/fc_2048_256
0.2,0.6,1024x256,fc_2048_256,19,39,2,1,2,4391,174,19,47,29,43,dpe,119.042,126.5667,17.8704,0.9405,120,120,1870,76,342,38,/mnt/vault0/jiajunh5/nl-dpe-fpl/dse/round2_fc_softmax/1024x256/d20_c60/fc_2048_256
0.4,0.0,1024x256,fc_2048_256,13,26,2,1,2,10978,145,13,117,29,36,dpe,127.3897,126.5667,13.0845,1.0065,120,120,1311,52,234,26,/mnt/vault0/jiajunh5/nl-dpe-fpl/dse/round2_fc_softmax/1024x256/d40_c0/fc_2048_256
0.4,0.2,1024x256,fc_2048_256,13,26,2,1,2,8782,145,13,94,29,36,dpe,127.3897,126.5667,13.0845,1.0065,120,120,1311,52,234,26,/mnt/vault0/jiajunh5/nl-dpe-fpl/dse/round2_fc_softmax/1024x256/d40_c20/fc_2048_256
0.4,0.4,1024x256,fc_2048_256,13,26,2,1,2,6586,145,13,70,29,36,dpe,127.3897,126.5667,13.0845,1.0065,120,120,1311,52,234,26,/mnt/vault0/jiajunh5/nl-dpe-fpl/dse/round2_fc_softmax/1024x256/d40_c40/fc_2048_256
0.4,0.6,1024x256,fc_2048_256,26,52,2,1,2,4391,145,26,47,29,36,dpe,113.5733,126.5667,23.3308,0.8973,120,120,2590,104,468,52,/mnt/vault0/jiajunh5/nl-dpe-fpl/dse/round2_fc_softmax/1024x256/d40_c60/fc_2048_256
0.6,0.0,1024x256,fc_2048_256,21,52,2,1,2,10978,87,26,117,29,21,dsp,127.8593,126.5667,21.2145,1.0102,120,120,2110,84,378,42,/mnt/vault0/jiajunh5/nl-dpe-fpl/dse/round2_fc_softmax/1024x256/d60_c0/fc_2048_256
0.6,0.2,1024x256,fc_2048_256,21,52,2,1,2,8782,87,26,94,29,21,dsp,127.8593,126.5667,21.2145,1.0102,120,120,2110,84,378,42,/mnt/vault0/jiajunh5/nl-dpe-fpl/dse/round2_fc_softmax/1024x256/d60_c20/fc_2048_256
0.6,0.4,1024x256,fc_2048_256,21,52,2,1,2,6586,87,26,70,29,21,dsp,127.8593,126.5667,21.2145,1.0102,120,120,2110,84,378,42,/mnt/vault0/jiajunh5/nl-dpe-fpl/dse/round2_fc_softmax/1024x256/d60_c40/fc_2048_256
0.6,0.6,1024x256,fc_2048_256,21,65,2,1,2,4391,87,32,47,29,21,dsp,128.2187,126.5667,21.2741,1.0131,120,120,2110,84,378,42,/mnt/vault0/jiajunh5/nl-dpe-fpl/dse/round2_fc_softmax/1024x256/d60_c60/fc_2048_256
0.8,0.0,1024x256,fc_2048_256,14,65,2,1,2,10978,58,32,117,29,14,dsp,124.099,126.5667,13.727,0.9805,120,120,1408,56,252,28,/mnt/vault0/jiajunh5/nl-dpe-fpl/dse/round2_fc_softmax/1024x256/d80_c0/fc_2048_256
0.8,0.2,1024x256,fc_2048_256,14,65,2,1,2,8782,58,32,94,29,14,dsp,124.099,126.5667,13.727,0.9805,120,120,1408,56,252,28,/mnt/vault0/jiajunh5/nl-dpe-fpl/dse/round2_fc_softmax/1024x256/d80_c20/fc_2048_256
0.8,0.4,1024x256,fc_2048_256,14,65,2,1,2,6586,58,32,70,29,14,dsp,124.099,126.5667,13.727,0.9805,120,120,1408,56,252,28,/mnt/vault0/jiajunh5/nl-dpe-fpl/dse/round2_fc_softmax/1024x256/d80_c40/fc_2048_256
0.8,0.6,1024x256,fc_2048_256,14,65,2,1,2,4391,58,32,47,29,14,dsp,124.099,126.5667,13.727,0.9805,120,120,1408,56,252,28,/mnt/vault0/jiajunh5/nl-dpe-fpl/dse/round2_fc_softmax/1024x256/d80_c60/fc_2048_256
0.2,0.0,512x256,fc_512_128,9,9,1,1,1,10978,174,9,117,29,43,dpe,137.258,137.258,9.0,1.0,120,120,853,36,144,9,/mnt/vault0/jiajunh5/nl-dpe-fpl/dse/round2_fc_softmax/512x256/d20_c0/fc_512_128
0.2,0.2,512x256,fc_512_128,27,27,1,1,1,8782,174,27,94,29,43,dpe,124.556,137.258,24.5014,0.9075,120,120,2541,108,432,27,/mnt/vault0/jiajunh5/nl-dpe-fpl/dse/round2_fc_softmax/512x256/d20_c20/fc_512_128
0.2,0.4,512x256,fc_512_128,29,54,1,1,1,6586,174,54,70,29,43,bram,119.587,137.258,25.2665,0.8713,120,120,2663,116,464,29,/mnt/vault0/jiajunh5/nl-dpe-fpl/dse/round2_fc_softmax/512x256/d20_c40/fc_512_128
0.2,0.6,512x256,fc_512_128,29,90,1,1,1,4391,174,90,47,29,43,bram,120.6467,137.258,25.4903,0.879,120,120,2663,116,464,29,/mnt/vault0/jiajunh5/nl-dpe-fpl/dse/round2_fc_softmax/512x256/d20_c60/fc_512_128
0.4,0.0,512x256,fc_512_128,18,18,1,1,1,10978,145,18,117,29,36,dpe,129.913,137.258,17.0368,0.9465,120,120,1660,72,288,18,/mnt/vault0/jiajunh5/nl-dpe-fpl/dse/round2_fc_softmax/512x256/d40_c0/fc_512_128
0.4,0.2,512x256,fc_512_128,29,36,1,1,1,8782,145,36,94,29,36,bram,113.753,137.258,24.0338,0.8288,120,120,2663,116,464,29,/mnt/vault0/jiajunh5/nl-dpe-fpl/dse/round2_fc_softmax/512x256/d40_c20/fc_512_128
0.4,0.4,512x256,fc_512_128,29,54,1,1,1,6586,145,54,70,29,36,bram,118.4733,137.258,25.0312,0.8631,120,120,2663,116,464,29,/mnt/vault0/jiajunh5/nl-dpe-fpl/dse/round2_fc_softmax/512x256/d40_c40/fc_512_128
0.4,0.6,512x256,fc_512_128,29,99,1,1,1,4391,145,99,47,29,36,bram,120.0107,137.258,25.356,0.8743,120,120,2663,116,464,29,/mnt/vault0/jiajunh5/nl-dpe-fpl/dse/round2_fc_softmax/512x256/d40_c60/fc_512_128
0.6,0.0,512x256,fc_512_128,21,36,1,1,1,10978,87,36,117,29,21,dsp,132.6353,137.258,20.2927,0.9663,120,120,1943,84,336,21,/mnt/vault0/jiajunh5/nl-dpe-fpl/dse/round2_fc_softmax/512x256/d60_c0/fc_512_128
0.6,0.2,512x256,fc_512_128,21,54,1,1,1,8782,87,54,94,29,21,dsp,129.884,137.258,19.8718,0.9463,120,120,1943,84,336,21,/mnt/vault0/jiajunh5/nl-dpe-fpl/dse/round2_fc_softmax/512x256/d60_c20/fc_512_128
0.6,0.4,512x256,fc_512_128,21,72,1,1,1,6586,87,72,70,29,21,dsp,134.4777,137.258,20.5746,0.9797,120,120,1943,84,336,21,/mnt/vault0/jiajunh5/nl-dpe-fpl/dse/round2_fc_softmax/512x256/d60_c40/fc_512_128
0.6,0.6,512x256,fc_512_128,21,108,1,1,1,4391,87,108,47,29,21,dsp,132.841,137.258,20.3242,0.9678,120,120,1943,84,336,21,/mnt/vault0/jiajunh5/nl-dpe-fpl/dse/round2_fc_softmax/512x256/d60_c60/fc_512_128
0.8,0.0,512x256,fc_512_128,14,45,1,1,1,10978,58,45,117,29,14,dsp,135.0233,137.258,13.7721,0.9837,120,120,1304,56,224,14,/mnt/vault0/jiajunh5/nl-dpe-fpl/dse/round2_fc_softmax/512x256/d80_c0/fc_512_128
0.8,0.2,512x256,fc_512_128,14,63,1,1,1,8782,58,63,94,29,14,dsp,127.8947,137.258,13.045,0.9318,120,120,1304,56,224,14,/mnt/vault0/jiajunh5/nl-dpe-fpl/dse/round2_fc_softmax/512x256/d80_c20/fc_512_128
0.8,0.4,512x256,fc_512_128,14,81,1,1,1,6586,58,81,70,29,14,dsp,135.34,137.258,13.8044,0.986,120,120,1304,56,224,14,/mnt/vault0/jiajunh5/nl-dpe-fpl/dse/round2_fc_softmax/512x256/d80_c40/fc_512_128
0.8,0.6,512x256,fc_512_128,14,117,1,1,1,4391,58,117,47,29,14,dsp,130.425,137.258,13.303,0.9502,120,120,1304,56,224,14,/mnt/vault0/jiajunh5/nl-dpe-fpl/dse/round2_fc_softmax/512x256/d80_c60/fc_512_128
0.2,0.0,512x256,fc_512_512,4,9,1,2,2,10978,174,4,117,29,43,dpe,139.3123,139.3123,4.0,1.0,120,120,386,16,64,8,/mnt/vault0/jiajunh5/nl-dpe-fpl/dse/round2_fc_softmax/512x256/d20_c0/fc_512_512
0.2,0.2,512x256,fc_512_512,13,27,1,2,2,8782,174,13,94,29,43,dpe,127.7993,139.3123,11.9257,0.9174,120,120,1256,52,208,26,/mnt/vault0/jiajunh5/nl-dpe-fpl/dse/round2_fc_softmax/512x256/d20_c20/fc_512_512
0.2,0.4,512x256,fc_512_512,27,54,1,2,2,6586,174,27,70,29,43,dpe,127.1097,139.3123,24.635,0.9124,120,120,2618,108,432,54,/mnt/vault0/jiajunh5/nl-dpe-fpl/dse/round2_fc_softmax/512x256/d20_c40/fc_512_512
0.2,0.6,512x256,fc_512_512,29,90,1,2,2,4391,174,45,47,29,43,bram,126.5013,139.3123,26.3332,0.908,120,120,2804,116,464,58,/mnt/vault0/jiajunh5/nl-dpe-fpl/dse/round2_fc_softmax/512x256/d20_c60/fc_512_512
0.4,0.0,512x256,fc_512_512,9,18,1,2,2,10978,145,9,117,29,36,dpe,125.3713,139.3123,8.0994,0.8999,120,120,858,36,144,18,/mnt/vault0/jiajunh5/nl-dpe-fpl/dse/round2_fc_softmax/512x256/d40_c0/fc_512_512
0.4,0.2,512x256,fc_512_512,18,36,1,2,2,8782,145,18,94,29,36,dpe,130.6513,139.3123,16.8809,0.9378,120,120,1744,72,288,36,/mnt/vault0/jiajunh5/nl-dpe-fpl/dse/round2_fc_softmax/512x256/d40_c20/fc_512_512
0.4,0.4,512x256,fc_512_512,27,54,1,2,2,6586,145,27,70,29,36,dpe,127.2627,139.3123,24.6647,0.9135,120,120,2618,108,432,54,/mnt/vault0/jiajunh5/nl-dpe-fpl/dse/round2_fc_softmax/512x256/d40_c40/fc_512_512
0.4,0.6,512x256,fc_512_512,29,99,1,2,2,4391,145,49,47,29,36,bram,125.242,139.3123,26.071,0.899,120,120,2804,116,464,58,/mnt/vault0/jiajunh5/nl-dpe-fpl/dse/round2_fc_softmax/512x256/d40_c60/fc_512_512
0.6,0.0,512x256,fc_512_512,18,36,1,2,2,10978,87,18,117,29,21,dpe,130.5603,139.3123,16.8692,0.9372,120,120,1744,72,288,36,/mnt/vault0/jiajunh5/nl-dpe-fpl/dse/round2_fc_softmax/512x256/d60_c0/fc_512_512
0.6,0.2,512x256,fc_512_512,21,54,1,2,2,8782,87,27,94,29,21,dsp,127.2653,139.3123,19.184,0.9135,120,120,2039,84,336,42,/mnt/vault0/jiajunh5/nl-dpe-fpl/dse/round2_fc_softmax/512x256/d60_c20/fc_512_512
0.6,0.4,512x256,fc_512_512,21,72,1,2,2,6586,87,36,70,29,21,dsp,127.345,139.3123,19.196,0.9141,120,120,2039,84,336,42,/mnt/vault0/jiajunh5/nl-dpe-fpl/dse/round2_fc_softmax/512x256/d60_c40/fc_512_512
0.6,0.6,512x256,fc_512_512,21,108,1,2,2,4391,87,54,47,29,21,dsp,126.7333,139.3123,19.1038,0.9097,120,120,2039,84,336,42,/mnt/vault0/jiajunh5/nl-dpe-fpl/dse/round2_fc_softmax/512x256/d60_c60/fc_512_512
0.8,0.0,512x256,fc_512_512,14,45,1,2,2,10978,58,22,117,29,14,dsp,128.9217,139.3123,12.9558,0.9254,120,120,1350,56,224,28,/mnt/vault0/jiajunh5/nl-dpe-fpl/dse/round2_fc_softmax/512x256/d80_c0/fc_512_512
0.8,0.2,512x256,fc_512_512,14,63,1,2,2,8782,58,31,94,29,14,dsp,132.0493,139.3123,13.2701,0.9479,120,120,1350,56,224,28,/mnt/vault0/jiajunh5/nl-dpe-fpl/dse/round2_fc_softmax/512x256/d80_c20/fc_512_512
0.8,0.4,512x256,fc_512_512,14,81,1,2,2,6586,58,40,70,29,14,dsp,133.4877,139.3123,13.4147,0.9582,120,120,1350,56,224,28,/mnt/vault0/jiajunh5/nl-dpe-fpl/dse/round2_fc_softmax/512x256/d80_c40/fc_512_512
0.8,0.6,512x256,fc_512_512,14,117,1,2,2,4391,58,58,47,29,14,dsp,132.181,139.3123,13.2833,0.9488,120,120,1350,56,224,28,/mnt/vault0/jiajunh5/nl-dpe-fpl/dse/round2_fc_softmax/512x256/d80_c60/fc_512_512
0.2,0.0,512x256,fc_2048_256,2,9,4,1,4,10978,174,2,117,29,43,dpe,140.644,140.644,2.0,1.0,120,120,212,8,36,8,/mnt/vault0/jiajunh5/nl-dpe-fpl/dse/round2_fc_softmax/512x256/d20_c0/fc_2048_256
0.2,0.2,512x256,fc_2048_256,6,27,4,1,4,8782,174,6,94,29,43,dpe,123.0237,140.644,5.2483,0.8747,120,120,634,24,108,24,/mnt/vault0/jiajunh5/nl-dpe-fpl/dse/round2_fc_softmax/512x256/d20_c20/fc_2048_256
0.2,0.4,512x256,fc_2048_256,13,54,4,1,4,6586,174,13,70,29,43,dpe,126.4363,140.644,11.6868,0.899,120,120,1372,52,234,52,/mnt/vault0/jiajunh5/nl-dpe-fpl/dse/round2_fc_softmax/512x256/d20_c40/fc_2048_256
0.2,0.6,512x256,fc_2048_256,22,90,4,1,4,4391,174,22,47,29,43,dpe,111.224,140.644,17.398,0.7908,120,120,2323,88,396,88,/mnt/vault0/jiajunh5/nl-dpe-fpl/dse/round2_fc_softmax/512x256/d20_c60/fc_2048_256
0.4,0.0,512x256,fc_2048_256,4,18,4,1,4,10978,145,4,117,29,36,dpe,135.5807,140.644,3.856,0.964,120,120,422,16,72,16,/mnt/vault0/jiajunh5/nl-dpe-fpl/dse/round2_fc_softmax/512x256/d40_c0/fc_2048_256
0.4,0.2,512x256,fc_2048_256,9,36,4,1,4,8782,145,9,94,29,36,dpe,129.6447,140.644,8.2961,0.9218,120,120,954,36,162,36,/mnt/vault0/jiajunh5/nl-dpe-fpl/dse/round2_fc_softmax/512x256/d40_c20/fc_2048_256
0.4,0.4,512x256,fc_2048_256,13,54,4,1,4,6586,145,13,70,29,36,dpe,130.1507,140.644,12.0301,0.9254,120,120,1372,52,234,52,/mnt/vault0/jiajunh5/nl-dpe-fpl/dse/round2_fc_softmax/512x256/d40_c40/fc_2048_256
0.4,0.6,512x256,fc_2048_256,24,99,4,1,4,4391,145,24,47,29,36,dpe,111.468,140.644,19.0213,0.7926,120,120,2534,96,432,96,/mnt/vault0/jiajunh5/nl-dpe-fpl/dse/round2_fc_softmax/512x256/d40_c60/fc_2048_256
0.6,0.0,512x256,fc_2048_256,9,36,4,1,4,10978,87,9,117,29,21,dpe,130.1203,140.644,8.3266,0.9252,120,120,954,36,162,36,/mnt/vault0/jiajunh5/nl-dpe-fpl/dse/round2_fc_softmax/512x256/d60_c0/fc_2048_256
0.6,0.2,512x256,fc_2048_256,13,54,4,1,4,8782,87,13,94,29,21,dpe,123.4183,140.644,11.4078,0.8775,120,120,1372,52,234,52,/mnt/vault0/jiajunh5/nl-dpe-fpl/dse/round2_fc_softmax/512x256/d60_c20/fc_2048_256
0.6,0.4,512x256,fc_2048_256,18,72,4,1,4,6586,87,18,70,29,21,dpe,119.5323,140.644,15.2981,0.8499,120,120,1874,72,324,72,/mnt/vault0/jiajunh5/nl-dpe-fpl/dse/round2_fc_softmax/512x256/d60_c40/fc_2048_256
0.6,0.6,512x256,fc_2048_256,21,108,4,1,4,4391,87,27,47,29,21,dsp,119.361,140.644,17.8222,0.8487,120,120,2207,84,378,84,/mnt/vault0/jiajunh5/nl-dpe-fpl/dse/round2_fc_softmax/512x256/d60_c60/fc_2048_256
0.8,0.0,512x256,fc_2048_256,11,45,4,1,4,10978,58,11,117,29,14,dpe,130.804,140.644,10.2304,0.93,120,120,1168,44,198,44,/mnt/vault0/jiajunh5/nl-dpe-fpl/dse/round2_fc_softmax/512x256/d80_c0/fc_2048_256
0.8,0.2,512x256,fc_2048_256,14,63,4,1,4,8782,58,15,94,29,14,dsp,129.0977,140.644,12.8507,0.9179,120,120,1495,56,252,56,/mnt/vault0/jiajunh5/nl-dpe-fpl/dse/round2_fc_softmax/512x256/d80_c20/fc_2048_256
0.8,0.4,512x256,fc_2048_256,14,81,4,1,4,6586,58,20,70,29,14,dsp,129.125,140.644,12.8534,0.9181,120,120,1495,56,252,56,/mnt/vault0/jiajunh5/nl-dpe-fpl/dse/round2_fc_softmax/512x256/d80_c40/fc_2048_256
0.8,0.6,512x256,fc_2048_256,14,117,4,1,4,4391,58,29,47,29,14,dsp,126.8737,140.644,12.6293,0.9021,120,120,1495,56,252,56,/mnt/vault0/jiajunh5/nl-dpe-fpl/dse/round2_fc_softmax/512x256/d80_c60/fc_2048_256
