dsp_ratio,clb_ratio,config,workload,P,total_dpes,V,H,dpes_per_replica,clbs_need,clbs_avail,clb_util_pct,fmax_mhz,fmax_baseline_mhz,gain,utilization,energy_pj,energy_baseline_pj,energy_ratio,tpj_scaling,grid_w,grid_h,clb_count,dsp_count,mem_count,wc_count,run_dir
0.2,0.0,1024x128,fc_2048_256,2,10,2,2,4,90,10978,0.8,216.62800000000001,216.62800000000001,2.0,1.0,1224.49,1224.49,1.0,1.0,120,120,31,0,12,8,/mnt/vault0/jiajunh5/nl-dpe-fpl/dse/round2_full/1024x128/d20_c0/fc_2048_256
0.2,0.2,1024x128,fc_2048_256,10,40,2,2,4,330,8782,3.8,191.4573333333333,216.62800000000001,8.8381,0.8838,1364.46,1224.49,0.8974,0.7931,120,120,143,0,60,40,/mnt/vault0/jiajunh5/nl-dpe-fpl/dse/round2_full/1024x128/d20_c20/fc_2048_256
0.2,0.4,1024x128,fc_2048_256,25,100,2,2,4,780,6586,11.8,129.89466666666667,216.62800000000001,14.9905,0.5996,1935.39,1224.49,0.6327,0.3794,120,120,367,0,150,100,/mnt/vault0/jiajunh5/nl-dpe-fpl/dse/round2_full/1024x128/d20_c40/fc_2048_256
0.2,0.6,1024x128,fc_2048_256,37,150,2,2,4,1140,4391,26.0,114.23733333333332,216.62800000000001,19.5117,0.5273,2178.75,1224.49,0.562,0.2964,120,120,517,0,222,148,/mnt/vault0/jiajunh5/nl-dpe-fpl/dse/round2_full/1024x128/d20_c60/fc_2048_256
0.4,0.0,1024x128,fc_2048_256,5,20,2,2,4,180,10978,1.6,211.7703333333333,216.62800000000001,4.8879,0.9776,1248.91,1224.49,0.9804,0.9585,120,120,79,0,30,20,/mnt/vault0/jiajunh5/nl-dpe-fpl/dse/round2_full/1024x128/d40_c0/fc_2048_256
0.4,0.2,1024x128,fc_2048_256,12,50,2,2,4,390,8782,4.4,133.62766666666667,216.62800000000001,7.4022,0.6169,1885.79,1224.49,0.6493,0.4005,120,120,177,0,72,48,/mnt/vault0/jiajunh5/nl-dpe-fpl/dse/round2_full/1024x128/d40_c20/fc_2048_256
0.4,0.4,1024x128,fc_2048_256,27,110,2,2,4,840,6586,12.8,134.413,216.62800000000001,16.7529,0.6205,1875.7,1224.49,0.6528,0.4051,120,120,392,0,162,108,/mnt/vault0/jiajunh5/nl-dpe-fpl/dse/round2_full/1024x128/d40_c40/fc_2048_256
0.4,0.6,1024x128,fc_2048_256,40,160,2,2,4,1230,4391,28.0,119.44600000000001,216.62800000000001,22.0555,0.5514,2090.71,1224.49,0.5857,0.3229,120,120,550,0,240,160,/mnt/vault0/jiajunh5/nl-dpe-fpl/dse/round2_full/1024x128/d40_c60/fc_2048_256
0.6,0.0,1024x128,fc_2048_256,10,40,2,2,4,330,10978,3.0,158.269,216.62800000000001,7.306,0.7306,1617.07,1224.49,0.7572,0.5532,120,120,143,0,60,40,/mnt/vault0/jiajunh5/nl-dpe-fpl/dse/round2_full/1024x128/d60_c0/fc_2048_256
0.6,0.2,1024x128,fc_2048_256,17,70,2,2,4,540,8782,6.1,168.394,216.62800000000001,13.2148,0.7773,1529.45,1224.49,0.8006,0.6223,120,120,250,0,102,68,/mnt/vault0/jiajunh5/nl-dpe-fpl/dse/round2_full/1024x128/d60_c20/fc_2048_256
0.6,0.4,1024x128,fc_2048_256,30,120,2,2,4,930,6586,14.1,130.77700000000002,216.62800000000001,18.1108,0.6037,1923.41,1224.49,0.6366,0.3843,120,120,450,0,180,120,/mnt/vault0/jiajunh5/nl-dpe-fpl/dse/round2_full/1024x128/d60_c40/fc_2048_256
0.6,0.6,1024x128,fc_2048_256,45,180,2,2,4,1380,4391,31.4,121.12566666666667,216.62800000000001,25.1614,0.5591,2063.93,1224.49,0.5933,0.3317,120,120,631,0,270,180,/mnt/vault0/jiajunh5/nl-dpe-fpl/dse/round2_full/1024x128/d60_c60/fc_2048_256
0.8,0.0,1024x128,fc_2048_256,12,50,2,2,4,390,10978,3.6,131.89700000000002,216.62800000000001,7.3064,0.6089,1908.43,1224.49,0.6416,0.3907,120,120,177,0,72,48,/mnt/vault0/jiajunh5/nl-dpe-fpl/dse/round2_full/1024x128/d80_c0/fc_2048_256
0.8,0.2,1024x128,fc_2048_256,20,80,2,2,4,630,8782,7.2,125.86933333333333,216.62800000000001,11.6208,0.581,1992.17,1224.49,0.6147,0.3571,120,120,291,0,120,80,/mnt/vault0/jiajunh5/nl-dpe-fpl/dse/round2_full/1024x128/d80_c20/fc_2048_256
0.8,0.4,1024x128,fc_2048_256,32,130,2,2,4,990,6586,15.0,121.20433333333334,216.62800000000001,17.9041,0.5595,2062.7,1224.49,0.5936,0.3321,120,120,459,0,192,128,/mnt/vault0/jiajunh5/nl-dpe-fpl/dse/round2_full/1024x128/d80_c40/fc_2048_256
0.8,0.6,1024x128,fc_2048_256,47,190,2,2,4,1440,4391,32.8,111.98066666666666,216.62800000000001,24.2955,0.5169,2219.43,1224.49,0.5517,0.2852,120,120,661,0,282,188,/mnt/vault0/jiajunh5/nl-dpe-fpl/dse/round2_full/1024x128/d80_c60/fc_2048_256
1.0,0.0,1024x128,fc_2048_256,17,70,2,2,4,540,10978,4.9,146.479,216.62800000000001,11.495,0.6762,1734.36,1224.49,0.706,0.4774,120,120,250,0,102,68,/mnt/vault0/jiajunh5/nl-dpe-fpl/dse/round2_full/1024x128/d100_c0/fc_2048_256
1.0,0.2,1024x128,fc_2048_256,25,100,2,2,4,780,8782,8.9,136.05233333333334,216.62800000000001,15.7011,0.628,1855.03,1224.49,0.6601,0.4146,120,120,367,0,150,100,/mnt/vault0/jiajunh5/nl-dpe-fpl/dse/round2_full/1024x128/d100_c20/fc_2048_256
1.0,0.4,1024x128,fc_2048_256,37,150,2,2,4,1140,6586,17.3,116.48366666666668,216.62800000000001,19.8954,0.5377,2139.81,1224.49,0.5722,0.3077,120,120,517,0,222,148,/mnt/vault0/jiajunh5/nl-dpe-fpl/dse/round2_full/1024x128/d100_c40/fc_2048_256
1.0,0.6,1024x128,fc_2048_256,52,210,2,2,4,1590,4391,36.2,118.06099999999999,216.62800000000001,28.3397,0.545,2113.36,1224.49,0.5794,0.3158,120,120,727,0,312,208,/mnt/vault0/jiajunh5/nl-dpe-fpl/dse/round2_full/1024x128/d100_c60/fc_2048_256
0.2,0.0,1024x128,fc_512_128,10,10,1,1,1,330,10978,3.0,224.55166666666665,224.55166666666665,10.0,1.0,263.16,263.16,1.0,1.0,120,120,95,0,40,10,/mnt/vault0/jiajunh5/nl-dpe-fpl/dse/round2_full/1024x128/d20_c0/fc_512_128
0.2,0.2,1024x128,fc_512_128,40,40,1,1,1,1230,8782,14.0,158.0716666666667,224.55166666666665,28.1577,0.7039,371.15,263.16,0.709,0.4991,120,120,365,0,160,40,/mnt/vault0/jiajunh5/nl-dpe-fpl/dse/round2_full/1024x128/d20_c20/fc_512_128
0.2,0.4,1024x128,fc_512_128,100,100,1,1,1,3030,6586,46.0,93.95526666666667,224.55166666666665,41.8413,0.4184,620.07,263.16,0.4244,0.1776,120,120,959,0,400,100,/mnt/vault0/jiajunh5/nl-dpe-fpl/dse/round2_full/1024x128/d20_c40/fc_512_128
0.2,0.6,1024x128,fc_512_128,118,150,1,1,1,3570,4391,81.3,90.08656666666667,224.55166666666665,47.3397,0.4012,646.43,263.16,0.4071,0.1633,120,120,1154,0,472,118,/mnt/vault0/jiajunh5/nl-dpe-fpl/dse/round2_full/1024x128/d20_c60/fc_512_128
0.4,0.0,1024x128,fc_512_128,20,20,1,1,1,630,10978,5.7,182.3273333333333,224.55166666666665,16.2392,0.812,322.62,263.16,0.8157,0.6623,120,120,182,0,80,20,/mnt/vault0/jiajunh5/nl-dpe-fpl/dse/round2_full/1024x128/d40_c0/fc_512_128
0.4,0.2,1024x128,fc_512_128,50,50,1,1,1,1530,8782,17.4,143.76433333333333,224.55166666666665,32.0114,0.6402,407.45,263.16,0.6459,0.4135,120,120,456,0,200,50,/mnt/vault0/jiajunh5/nl-dpe-fpl/dse/round2_full/1024x128/d40_c20/fc_512_128
0.4,0.4,1024x128,fc_512_128,110,110,1,1,1,3330,6586,50.6,91.6665,224.55166666666665,44.9042,0.4082,635.4,263.16,0.4142,0.1691,120,120,1115,0,440,110,/mnt/vault0/jiajunh5/nl-dpe-fpl/dse/round2_full/1024x128/d40_c40/fc_512_128
0.4,0.6,1024x128,fc_512_128,118,160,1,1,1,3570,4391,81.3,98.15276666666666,224.55166666666665,51.5784,0.4371,593.83,263.16,0.4432,0.1937,120,120,1154,0,472,118,/mnt/vault0/jiajunh5/nl-dpe-fpl/dse/round2_full/1024x128/d40_c60/fc_512_128
0.6,0.0,1024x128,fc_512_128,40,40,1,1,1,1230,10978,11.2,163.68133333333333,224.55166666666665,29.157,0.7289,358.65,263.16,0.7338,0.5348,120,120,365,0,160,40,/mnt/vault0/jiajunh5/nl-dpe-fpl/dse/round2_full/1024x128/d60_c0/fc_512_128
0.6,0.2,1024x128,fc_512_128,70,70,1,1,1,2130,8782,24.3,100.59656666666666,224.55166666666665,31.3592,0.448,579.56,263.16,0.4541,0.2034,120,120,717,0,280,70,/mnt/vault0/jiajunh5/nl-dpe-fpl/dse/round2_full/1024x128/d60_c20/fc_512_128
0.6,0.4,1024x128,fc_512_128,118,120,1,1,1,3570,6586,54.2,88.65763333333332,224.55166666666665,46.5888,0.3948,656.74,263.16,0.4007,0.1582,120,120,1154,0,472,118,/mnt/vault0/jiajunh5/nl-dpe-fpl/dse/round2_full/1024x128/d60_c40/fc_512_128
0.6,0.6,1024x128,fc_512_128,118,180,1,1,1,3570,4391,81.3,97.0027,224.55166666666665,50.9741,0.432,600.79,263.16,0.438,0.1892,120,120,1154,0,472,118,/mnt/vault0/jiajunh5/nl-dpe-fpl/dse/round2_full/1024x128/d60_c60/fc_512_128
0.8,0.0,1024x128,fc_512_128,50,50,1,1,1,1530,10978,13.9,151.29066666666665,224.55166666666665,33.6873,0.6737,387.5,263.16,0.6791,0.4576,120,120,456,0,200,50,/mnt/vault0/jiajunh5/nl-dpe-fpl/dse/round2_full/1024x128/d80_c0/fc_512_128
0.8,0.2,1024x128,fc_512_128,80,80,1,1,1,2430,8782,27.7,96.14793333333334,224.55166666666665,34.2542,0.4282,606.08,263.16,0.4342,0.1859,120,120,818,0,320,80,/mnt/vault0/jiajunh5/nl-dpe-fpl/dse/round2_full/1024x128/d80_c20/fc_512_128
0.8,0.4,1024x128,fc_512_128,118,130,1,1,1,3570,6586,54.2,92.63443333333333,224.55166666666665,48.6786,0.4125,628.82,263.16,0.4185,0.1726,120,120,1154,0,472,118,/mnt/vault0/jiajunh5/nl-dpe-fpl/dse/round2_full/1024x128/d80_c40/fc_512_128
0.8,0.6,1024x128,fc_512_128,118,190,1,1,1,3570,4391,81.3,103.3027,224.55166666666665,54.2847,0.46,564.54,263.16,0.4661,0.2144,120,120,1154,0,472,118,/mnt/vault0/jiajunh5/nl-dpe-fpl/dse/round2_full/1024x128/d80_c60/fc_512_128
1.0,0.0,1024x128,fc_512_128,70,70,1,1,1,2130,10978,19.4,105.1398,224.55166666666665,32.7755,0.4682,554.79,263.16,0.4743,0.2221,120,120,717,0,280,70,/mnt/vault0/jiajunh5/nl-dpe-fpl/dse/round2_full/1024x128/d100_c0/fc_512_128
1.0,0.2,1024x128,fc_512_128,100,100,1,1,1,3030,8782,34.5,95.73836666666666,224.55166666666665,42.6353,0.4264,608.64,263.16,0.4324,0.1843,120,120,959,0,400,100,/mnt/vault0/jiajunh5/nl-dpe-fpl/dse/round2_full/1024x128/d100_c20/fc_512_128
1.0,0.4,1024x128,fc_512_128,118,150,1,1,1,3570,6586,54.2,95.36083333333333,224.55166666666665,50.1113,0.4247,611.03,263.16,0.4307,0.1829,120,120,1154,0,472,118,/mnt/vault0/jiajunh5/nl-dpe-fpl/dse/round2_full/1024x128/d100_c40/fc_512_128
1.0,0.6,1024x128,fc_512_128,118,210,1,1,1,3570,4391,81.3,100.75033333333333,224.55166666666665,52.9434,0.4487,578.68,263.16,0.4548,0.204,120,120,1154,0,472,118,/mnt/vault0/jiajunh5/nl-dpe-fpl/dse/round2_full/1024x128/d100_c60/fc_512_128
0.2,0.0,1024x128,fc_512_512,2,10,1,4,4,90,10978,0.8,265.83566666666667,265.83566666666667,2.0,1.0,877.79,877.79,1.0,1.0,120,120,19,0,8,8,/mnt/vault0/jiajunh5/nl-dpe-fpl/dse/round2_full/1024x128/d20_c0/fc_512_512
0.2,0.2,1024x128,fc_512_512,10,40,1,4,4,330,8782,3.8,217.69799999999998,265.83566666666667,8.1892,0.8189,1069.63,877.79,0.8206,0.672,120,120,99,0,40,40,/mnt/vault0/jiajunh5/nl-dpe-fpl/dse/round2_full/1024x128/d20_c20/fc_512_512
0.2,0.4,1024x128,fc_512_512,25,100,1,4,4,780,6586,11.8,174.69366666666667,265.83566666666667,16.4287,0.6571,1330.43,877.79,0.6598,0.4336,120,120,240,0,100,100,/mnt/vault0/jiajunh5/nl-dpe-fpl/dse/round2_full/1024x128/d20_c40/fc_512_512
0.2,0.6,1024x128,fc_512_512,37,150,1,4,4,1140,4391,26.0,157.72266666666667,265.83566666666667,21.9524,0.5933,1472.49,877.79,0.5961,0.3537,120,120,357,0,148,148,/mnt/vault0/jiajunh5/nl-dpe-fpl/dse/round2_full/1024x128/d20_c60/fc_512_512
0.4,0.0,1024x128,fc_512_512,5,20,1,4,4,180,10978,1.6,232.4623333333333,265.83566666666667,4.3723,0.8745,1002.34,877.79,0.8757,0.7658,120,120,52,0,20,20,/mnt/vault0/jiajunh5/nl-dpe-fpl/dse/round2_full/1024x128/d40_c0/fc_512_512
0.4,0.2,1024x128,fc_512_512,12,50,1,4,4,390,8782,4.4,200.04566666666665,265.83566666666667,9.0302,0.7525,1163.12,877.79,0.7547,0.5679,120,120,115,0,48,48,/mnt/vault0/jiajunh5/nl-dpe-fpl/dse/round2_full/1024x128/d40_c20/fc_512_512
0.4,0.4,1024x128,fc_512_512,27,110,1,4,4,840,6586,12.8,156.04600000000002,265.83566666666667,15.849,0.587,1488.2,877.79,0.5898,0.3462,120,120,282,0,108,108,/mnt/vault0/jiajunh5/nl-dpe-fpl/dse/round2_full/1024x128/d40_c40/fc_512_512
0.4,0.6,1024x128,fc_512_512,40,160,1,4,4,1230,4391,28.0,157.45833333333334,265.83566666666667,23.6926,0.5923,1474.94,877.79,0.5951,0.3525,120,120,391,0,160,160,/mnt/vault0/jiajunh5/nl-dpe-fpl/dse/round2_full/1024x128/d40_c60/fc_512_512
0.6,0.0,1024x128,fc_512_512,10,40,1,4,4,330,10978,3.0,212.86366666666666,265.83566666666667,8.0073,0.8007,1093.69,877.79,0.8026,0.6427,120,120,99,0,40,40,/mnt/vault0/jiajunh5/nl-dpe-fpl/dse/round2_full/1024x128/d60_c0/fc_512_512
0.6,0.2,1024x128,fc_512_512,17,70,1,4,4,540,8782,6.1,180.367,265.83566666666667,11.5343,0.6785,1288.9,877.79,0.681,0.4621,120,120,162,0,68,68,/mnt/vault0/jiajunh5/nl-dpe-fpl/dse/round2_full/1024x128/d60_c20/fc_512_512
0.6,0.4,1024x128,fc_512_512,30,120,1,4,4,930,6586,14.1,151.40833333333333,265.83566666666667,17.0867,0.5696,1533.47,877.79,0.5724,0.326,120,120,307,0,120,120,/mnt/vault0/jiajunh5/nl-dpe-fpl/dse/round2_full/1024x128/d60_c40/fc_512_512
0.6,0.6,1024x128,fc_512_512,45,180,1,4,4,1380,4391,31.4,134.85566666666668,265.83566666666667,22.828,0.5073,1720.44,877.79,0.5102,0.2588,120,120,440,0,180,180,/mnt/vault0/jiajunh5/nl-dpe-fpl/dse/round2_full/1024x128/d60_c60/fc_512_512
0.8,0.0,1024x128,fc_512_512,12,50,1,4,4,390,10978,3.6,195.08900000000003,265.83566666666667,8.8064,0.7339,1192.41,877.79,0.7361,0.5402,120,120,115,0,48,48,/mnt/vault0/jiajunh5/nl-dpe-fpl/dse/round2_full/1024x128/d80_c0/fc_512_512
0.8,0.2,1024x128,fc_512_512,20,80,1,4,4,630,8782,7.2,186.05666666666664,265.83566666666667,13.9979,0.6999,1249.8,877.79,0.7023,0.4916,120,120,191,0,80,80,/mnt/vault0/jiajunh5/nl-dpe-fpl/dse/round2_full/1024x128/d80_c20/fc_512_512
0.8,0.4,1024x128,fc_512_512,32,130,1,4,4,990,6586,15.0,149.31566666666666,265.83566666666667,17.9739,0.5617,1554.82,877.79,0.5646,0.3171,120,120,331,0,128,128,/mnt/vault0/jiajunh5/nl-dpe-fpl/dse/round2_full/1024x128/d80_c40/fc_512_512
0.8,0.6,1024x128,fc_512_512,47,190,1,4,4,1440,4391,32.8,136.81366666666665,265.83566666666667,24.1888,0.5147,1695.97,877.79,0.5176,0.2664,120,120,457,0,188,188,/mnt/vault0/jiajunh5/nl-dpe-fpl/dse/round2_full/1024x128/d80_c60/fc_512_512
1.0,0.0,1024x128,fc_512_512,17,70,1,4,4,540,10978,4.9,172.09366666666665,265.83566666666667,11.0053,0.6474,1350.38,877.79,0.65,0.4208,120,120,162,0,68,68,/mnt/vault0/jiajunh5/nl-dpe-fpl/dse/round2_full/1024x128/d100_c0/fc_512_512
1.0,0.2,1024x128,fc_512_512,25,100,1,4,4,780,8782,8.9,155.93333333333334,265.83566666666667,14.6644,0.5866,1489.27,877.79,0.5894,0.3457,120,120,240,0,100,100,/mnt/vault0/jiajunh5/nl-dpe-fpl/dse/round2_full/1024x128/d100_c20/fc_512_512
1.0,0.4,1024x128,fc_512_512,37,150,1,4,4,1140,6586,17.3,157.24133333333336,265.83566666666667,21.8854,0.5915,1476.96,877.79,0.5943,0.3515,120,120,357,0,148,148,/mnt/vault0/jiajunh5/nl-dpe-fpl/dse/round2_full/1024x128/d100_c40/fc_512_512
1.0,0.6,1024x128,fc_512_512,52,210,1,4,4,1590,4391,36.2,140.299,265.83566666666667,27.4438,0.5278,1654.09,877.79,0.5307,0.2801,120,120,505,0,208,208,/mnt/vault0/jiajunh5/nl-dpe-fpl/dse/round2_full/1024x128/d100_c60/fc_512_512
0.2,0.0,1024x256,fc_2048_256,6,13,2,1,2,210,10978,1.9,206.69033333333334,206.69033333333334,6.0,1.0,1226.7,1226.7,1.0,1.0,120,120,91,0,36,12,/mnt/vault0/jiajunh5/nl-dpe-fpl/dse/round2_full/1024x256/d20_c0/fc_2048_256
0.2,0.2,1024x256,fc_2048_256,6,13,2,1,2,210,8782,2.4,206.69033333333334,206.69033333333334,6.0,1.0,1226.7,1226.7,1.0,1.0,120,120,91,0,36,12,/mnt/vault0/jiajunh5/nl-dpe-fpl/dse/round2_full/1024x256/d20_c20/fc_2048_256
0.2,0.4,1024x256,fc_2048_256,6,13,2,1,2,210,6586,3.2,206.69033333333334,206.69033333333334,6.0,1.0,1226.7,1226.7,1.0,1.0,120,120,91,0,36,12,/mnt/vault0/jiajunh5/nl-dpe-fpl/dse/round2_full/1024x256/d20_c40/fc_2048_256
0.2,0.6,1024x256,fc_2048_256,19,39,2,1,2,600,4391,13.7,141.54233333333335,206.69033333333334,13.0113,0.6848,1717.76,1226.7,0.7141,0.489,120,120,278,0,114,38,/mnt/vault0/jiajunh5/nl-dpe-fpl/dse/round2_full/1024x256/d20_c60/fc_2048_256
0.4,0.0,1024x256,fc_2048_256,13,26,2,1,2,420,10978,3.8,181.94533333333334,206.69033333333334,11.4436,0.8803,1371.8,1226.7,0.8942,0.7872,120,120,177,0,78,26,/mnt/vault0/jiajunh5/nl-dpe-fpl/dse/round2_full/1024x256/d40_c0/fc_2048_256
0.4,0.2,1024x256,fc_2048_256,13,26,2,1,2,420,8782,4.8,181.94533333333334,206.69033333333334,11.4436,0.8803,1371.8,1226.7,0.8942,0.7872,120,120,177,0,78,26,/mnt/vault0/jiajunh5/nl-dpe-fpl/dse/round2_full/1024x256/d40_c20/fc_2048_256
0.4,0.4,1024x256,fc_2048_256,13,26,2,1,2,420,6586,6.4,181.94533333333334,206.69033333333334,11.4436,0.8803,1371.8,1226.7,0.8942,0.7872,120,120,177,0,78,26,/mnt/vault0/jiajunh5/nl-dpe-fpl/dse/round2_full/1024x256/d40_c40/fc_2048_256
0.4,0.6,1024x256,fc_2048_256,26,52,2,1,2,810,4391,18.4,125.28366666666666,206.69033333333334,15.7597,0.6061,1919.94,1226.7,0.6389,0.3873,120,120,405,0,156,52,/mnt/vault0/jiajunh5/nl-dpe-fpl/dse/round2_full/1024x256/d40_c60/fc_2048_256
0.6,0.0,1024x256,fc_2048_256,26,52,2,1,2,810,10978,7.4,142.62366666666665,206.69033333333334,17.9409,0.69,1705.94,1226.7,0.7191,0.4962,120,120,405,0,156,52,/mnt/vault0/jiajunh5/nl-dpe-fpl/dse/round2_full/1024x256/d60_c0/fc_2048_256
0.6,0.2,1024x256,fc_2048_256,26,52,2,1,2,810,8782,9.2,142.62366666666665,206.69033333333334,17.9409,0.69,1705.94,1226.7,0.7191,0.4962,120,120,405,0,156,52,/mnt/vault0/jiajunh5/nl-dpe-fpl/dse/round2_full/1024x256/d60_c20/fc_2048_256
0.6,0.4,1024x256,fc_2048_256,26,52,2,1,2,810,6586,12.3,142.62366666666665,206.69033333333334,17.9409,0.69,1705.94,1226.7,0.7191,0.4962,120,120,405,0,156,52,/mnt/vault0/jiajunh5/nl-dpe-fpl/dse/round2_full/1024x256/d60_c40/fc_2048_256
0.6,0.6,1024x256,fc_2048_256,32,65,2,1,2,990,4391,22.5,133.70000000000002,206.69033333333334,20.6996,0.6469,1809.14,1226.7,0.6781,0.4386,120,120,488,0,192,64,/mnt/vault0/jiajunh5/nl-dpe-fpl/dse/round2_full/1024x256/d60_c60/fc_2048_256
0.8,0.0,1024x256,fc_2048_256,32,65,2,1,2,990,10978,9.0,122.884,206.69033333333334,19.025,0.5945,1954.31,1226.7,0.6277,0.3732,120,120,488,0,192,64,/mnt/vault0/jiajunh5/nl-dpe-fpl/dse/round2_full/1024x256/d80_c0/fc_2048_256
0.8,0.2,1024x256,fc_2048_256,32,65,2,1,2,990,8782,11.3,122.884,206.69033333333334,19.025,0.5945,1954.31,1226.7,0.6277,0.3732,120,120,488,0,192,64,/mnt/vault0/jiajunh5/nl-dpe-fpl/dse/round2_full/1024x256/d80_c20/fc_2048_256
0.8,0.4,1024x256,fc_2048_256,32,65,2,1,2,990,6586,15.0,122.884,206.69033333333334,19.025,0.5945,1954.31,1226.7,0.6277,0.3732,120,120,488,0,192,64,/mnt/vault0/jiajunh5/nl-dpe-fpl/dse/round2_full/1024x256/d80_c40/fc_2048_256
0.8,0.6,1024x256,fc_2048_256,32,65,2,1,2,990,4391,22.5,122.884,206.69033333333334,19.025,0.5945,1954.31,1226.7,0.6277,0.3732,120,120,488,0,192,64,/mnt/vault0/jiajunh5/nl-dpe-fpl/dse/round2_full/1024x256/d80_c60/fc_2048_256
1.0,0.0,1024x256,fc_2048_256,45,91,2,1,2,1380,10978,12.6,114.20633333333335,206.69033333333334,24.8647,0.5525,2090.66,1226.7,0.5868,0.3242,120,120,626,0,270,90,/mnt/vault0/jiajunh5/nl-dpe-fpl/dse/round2_full/1024x256/d100_c0/fc_2048_256
1.0,0.2,1024x256,fc_2048_256,45,91,2,1,2,1380,8782,15.7,114.20633333333335,206.69033333333334,24.8647,0.5525,2090.66,1226.7,0.5868,0.3242,120,120,626,0,270,90,/mnt/vault0/jiajunh5/nl-dpe-fpl/dse/round2_full/1024x256/d100_c20/fc_2048_256
1.0,0.4,1024x256,fc_2048_256,45,91,2,1,2,1380,6586,21.0,114.20633333333335,206.69033333333334,24.8647,0.5525,2090.66,1226.7,0.5868,0.3242,120,120,626,0,270,90,/mnt/vault0/jiajunh5/nl-dpe-fpl/dse/round2_full/1024x256/d100_c40/fc_2048_256
1.0,0.6,1024x256,fc_2048_256,45,91,2,1,2,1380,4391,31.4,114.20633333333335,206.69033333333334,24.8647,0.5525,2090.66,1226.7,0.5868,0.3242,120,120,626,0,270,90,/mnt/vault0/jiajunh5/nl-dpe-fpl/dse/round2_full/1024x256/d100_c60/fc_2048_256
0.2,0.0,1024x256,fc_512_128,13,13,1,1,1,420,10978,3.8,193.94899999999998,193.94899999999998,13.0,1.0,574.87,574.87,1.0,1.0,120,120,119,0,52,13,/mnt/vault0/jiajunh5/nl-dpe-fpl/dse/round2_full/1024x256/d20_c0/fc_512_128
0.2,0.2,1024x256,fc_512_128,13,13,1,1,1,420,8782,4.8,193.94899999999998,193.94899999999998,13.0,1.0,574.87,574.87,1.0,1.0,120,120,119,0,52,13,/mnt/vault0/jiajunh5/nl-dpe-fpl/dse/round2_full/1024x256/d20_c20/fc_512_128
0.2,0.4,1024x256,fc_512_128,13,13,1,1,1,420,6586,6.4,193.94899999999998,193.94899999999998,13.0,1.0,574.87,574.87,1.0,1.0,120,120,119,0,52,13,/mnt/vault0/jiajunh5/nl-dpe-fpl/dse/round2_full/1024x256/d20_c40/fc_512_128
0.2,0.6,1024x256,fc_512_128,39,39,1,1,1,1200,4391,27.3,156.05499999999998,193.94899999999998,31.3801,0.8046,712.91,574.87,0.8064,0.6488,120,120,357,0,156,39,/mnt/vault0/jiajunh5/nl-dpe-fpl/dse/round2_full/1024x256/d20_c60/fc_512_128
0.4,0.0,1024x256,fc_512_128,26,26,1,1,1,810,10978,7.4,162.581,193.94899999999998,21.7949,0.8383,684.55,574.87,0.8398,0.704,120,120,267,0,104,26,/mnt/vault0/jiajunh5/nl-dpe-fpl/dse/round2_full/1024x256/d40_c0/fc_512_128
0.4,0.2,1024x256,fc_512_128,26,26,1,1,1,810,8782,9.2,162.581,193.94899999999998,21.7949,0.8383,684.55,574.87,0.8398,0.704,120,120,267,0,104,26,/mnt/vault0/jiajunh5/nl-dpe-fpl/dse/round2_full/1024x256/d40_c20/fc_512_128
0.4,0.4,1024x256,fc_512_128,26,26,1,1,1,810,6586,12.3,162.581,193.94899999999998,21.7949,0.8383,684.55,574.87,0.8398,0.704,120,120,267,0,104,26,/mnt/vault0/jiajunh5/nl-dpe-fpl/dse/round2_full/1024x256/d40_c40/fc_512_128
0.4,0.6,1024x256,fc_512_128,52,52,1,1,1,1590,4391,36.2,137.91033333333334,193.94899999999998,36.9754,0.7111,805.87,574.87,0.7134,0.5072,120,120,476,0,208,52,/mnt/vault0/jiajunh5/nl-dpe-fpl/dse/round2_full/1024x256/d40_c60/fc_512_128
0.6,0.0,1024x256,fc_512_128,52,52,1,1,1,1590,10978,14.5,142.61666666666667,193.94899999999998,38.2372,0.7353,779.48,574.87,0.7375,0.5423,120,120,476,0,208,52,/mnt/vault0/jiajunh5/nl-dpe-fpl/dse/round2_full/1024x256/d60_c0/fc_512_128
0.6,0.2,1024x256,fc_512_128,52,52,1,1,1,1590,8782,18.1,142.61666666666667,193.94899999999998,38.2372,0.7353,779.48,574.87,0.7375,0.5423,120,120,476,0,208,52,/mnt/vault0/jiajunh5/nl-dpe-fpl/dse/round2_full/1024x256/d60_c20/fc_512_128
0.6,0.4,1024x256,fc_512_128,52,52,1,1,1,1590,6586,24.1,142.61666666666667,193.94899999999998,38.2372,0.7353,779.48,574.87,0.7375,0.5423,120,120,476,0,208,52,/mnt/vault0/jiajunh5/nl-dpe-fpl/dse/round2_full/1024x256/d60_c40/fc_512_128
0.6,0.6,1024x256,fc_512_128,65,65,1,1,1,1980,4391,45.1,100.7935,193.94899999999998,33.7799,0.5197,1100.27,574.87,0.5225,0.2715,120,120,667,0,260,65,/mnt/vault0/jiajunh5/nl-dpe-fpl/dse/round2_full/1024x256/d60_c60/fc_512_128
0.8,0.0,1024x256,fc_512_128,65,65,1,1,1,1980,10978,18.0,109.67966666666666,193.94899999999998,36.758,0.5655,1011.65,574.87,0.5682,0.3213,120,120,667,0,260,65,/mnt/vault0/jiajunh5/nl-dpe-fpl/dse/round2_full/1024x256/d80_c0/fc_512_128
0.8,0.2,1024x256,fc_512_128,65,65,1,1,1,1980,8782,22.5,109.67966666666666,193.94899999999998,36.758,0.5655,1011.65,574.87,0.5682,0.3213,120,120,667,0,260,65,/mnt/vault0/jiajunh5/nl-dpe-fpl/dse/round2_full/1024x256/d80_c20/fc_512_128
0.8,0.4,1024x256,fc_512_128,65,65,1,1,1,1980,6586,30.1,109.67966666666666,193.94899999999998,36.758,0.5655,1011.65,574.87,0.5682,0.3213,120,120,667,0,260,65,/mnt/vault0/jiajunh5/nl-dpe-fpl/dse/round2_full/1024x256/d80_c40/fc_512_128
0.8,0.6,1024x256,fc_512_128,65,65,1,1,1,1980,4391,45.1,109.67966666666666,193.94899999999998,36.758,0.5655,1011.65,574.87,0.5682,0.3213,120,120,667,0,260,65,/mnt/vault0/jiajunh5/nl-dpe-fpl/dse/round2_full/1024x256/d80_c60/fc_512_128
1.0,0.0,1024x256,fc_512_128,91,91,1,1,1,2760,10978,25.1,102.24249999999999,193.94899999999998,47.9717,0.5272,1084.77,574.87,0.5299,0.2794,120,120,944,0,364,91,/mnt/vault0/jiajunh5/nl-dpe-fpl/dse/round2_full/1024x256/d100_c0/fc_512_128
1.0,0.2,1024x256,fc_512_128,91,91,1,1,1,2760,8782,31.4,102.24249999999999,193.94899999999998,47.9717,0.5272,1084.77,574.87,0.5299,0.2794,120,120,944,0,364,91,/mnt/vault0/jiajunh5/nl-dpe-fpl/dse/round2_full/1024x256/d100_c20/fc_512_128
1.0,0.4,1024x256,fc_512_128,91,91,1,1,1,2760,6586,41.9,102.24249999999999,193.94899999999998,47.9717,0.5272,1084.77,574.87,0.5299,0.2794,120,120,944,0,364,91,/mnt/vault0/jiajunh5/nl-dpe-fpl/dse/round2_full/1024x256/d100_c40/fc_512_128
1.0,0.6,1024x256,fc_512_128,91,91,1,1,1,2760,4391,62.9,102.24249999999999,193.94899999999998,47.9717,0.5272,1084.77,574.87,0.5299,0.2794,120,120,944,0,364,91,/mnt/vault0/jiajunh5/nl-dpe-fpl/dse/round2_full/1024x256/d100_c60/fc_512_128
0.2,0.0,1024x256,fc_512_512,6,13,1,2,2,210,10978,1.9,251.66933333333336,251.66933333333336,6.0,1.0,886.4,886.4,1.0,1.0,120,120,57,0,24,12,/mnt/vault0/jiajunh5/nl-dpe-fpl/dse/round2_full/1024x256/d20_c0/fc_512_512
0.2,0.2,1024x256,fc_512_512,6,13,1,2,2,210,8782,2.4,251.66933333333336,251.66933333333336,6.0,1.0,886.4,886.4,1.0,1.0,120,120,57,0,24,12,/mnt/vault0/jiajunh5/nl-dpe-fpl/dse/round2_full/1024x256/d20_c20/fc_512_512
0.2,0.4,1024x256,fc_512_512,6,13,1,2,2,210,6586,3.2,251.66933333333336,251.66933333333336,6.0,1.0,886.4,886.4,1.0,1.0,120,120,57,0,24,12,/mnt/vault0/jiajunh5/nl-dpe-fpl/dse/round2_full/1024x256/d20_c40/fc_512_512
0.2,0.6,1024x256,fc_512_512,19,39,1,2,2,600,4391,13.7,183.2843333333333,251.66933333333336,13.8372,0.7283,1213.32,886.4,0.7306,0.532,120,120,176,0,76,38,/mnt/vault0/jiajunh5/nl-dpe-fpl/dse/round2_full/1024x256/d20_c60/fc_512_512
0.4,0.0,1024x256,fc_512_512,13,26,1,2,2,420,10978,3.8,179.40566666666666,251.66933333333336,9.2672,0.7129,1239.33,886.4,0.7152,0.5099,120,120,119,0,52,26,/mnt/vault0/jiajunh5/nl-dpe-fpl/dse/round2_full/1024x256/d40_c0/fc_512_512
0.4,0.2,1024x256,fc_512_512,13,26,1,2,2,420,8782,4.8,179.40566666666666,251.66933333333336,9.2672,0.7129,1239.33,886.4,0.7152,0.5099,120,120,119,0,52,26,/mnt/vault0/jiajunh5/nl-dpe-fpl/dse/round2_full/1024x256/d40_c20/fc_512_512
0.4,0.4,1024x256,fc_512_512,13,26,1,2,2,420,6586,6.4,179.40566666666666,251.66933333333336,9.2672,0.7129,1239.33,886.4,0.7152,0.5099,120,120,119,0,52,26,/mnt/vault0/jiajunh5/nl-dpe-fpl/dse/round2_full/1024x256/d40_c40/fc_512_512
0.4,0.6,1024x256,fc_512_512,26,52,1,2,2,810,4391,18.4,166.93533333333335,251.66933333333336,17.2461,0.6633,1331.15,886.4,0.6659,0.4417,120,120,268,0,104,52,/mnt/vault0/jiajunh5/nl-dpe-fpl/dse/round2_full/1024x256/d40_c60/fc_512_512
0.6,0.0,1024x256,fc_512_512,26,52,1,2,2,810,10978,7.4,157.01566666666668,251.66933333333336,16.2213,0.6239,1414.6,886.4,0.6266,0.3909,120,120,268,0,104,52,/mnt/vault0/jiajunh5/nl-dpe-fpl/dse/round2_full/1024x256/d60_c0/fc_512_512
0.6,0.2,1024x256,fc_512_512,26,52,1,2,2,810,8782,9.2,157.01566666666668,251.66933333333336,16.2213,0.6239,1414.6,886.4,0.6266,0.3909,120,120,268,0,104,52,/mnt/vault0/jiajunh5/nl-dpe-fpl/dse/round2_full/1024x256/d60_c20/fc_512_512
0.6,0.4,1024x256,fc_512_512,26,52,1,2,2,810,6586,12.3,157.01566666666668,251.66933333333336,16.2213,0.6239,1414.6,886.4,0.6266,0.3909,120,120,268,0,104,52,/mnt/vault0/jiajunh5/nl-dpe-fpl/dse/round2_full/1024x256/d60_c40/fc_512_512
0.6,0.6,1024x256,fc_512_512,32,65,1,2,2,990,4391,22.5,156.07399999999998,251.66933333333336,19.845,0.6202,1423.07,886.4,0.6229,0.3863,120,120,334,0,128,64,/mnt/vault0/jiajunh5/nl-dpe-fpl/dse/round2_full/1024x256/d60_c60/fc_512_512
0.8,0.0,1024x256,fc_512_512,32,65,1,2,2,990,10978,9.0,161.913,251.66933333333336,20.5874,0.6434,1372.12,886.4,0.646,0.4156,120,120,334,0,128,64,/mnt/vault0/jiajunh5/nl-dpe-fpl/dse/round2_full/1024x256/d80_c0/fc_512_512
0.8,0.2,1024x256,fc_512_512,32,65,1,2,2,990,8782,11.3,161.913,251.66933333333336,20.5874,0.6434,1372.12,886.4,0.646,0.4156,120,120,334,0,128,64,/mnt/vault0/jiajunh5/nl-dpe-fpl/dse/round2_full/1024x256/d80_c20/fc_512_512
0.8,0.4,1024x256,fc_512_512,32,65,1,2,2,990,6586,15.0,161.913,251.66933333333336,20.5874,0.6434,1372.12,886.4,0.646,0.4156,120,120,334,0,128,64,/mnt/vault0/jiajunh5/nl-dpe-fpl/dse/round2_full/1024x256/d80_c40/fc_512_512
0.8,0.6,1024x256,fc_512_512,32,65,1,2,2,990,4391,22.5,161.913,251.66933333333336,20.5874,0.6434,1372.12,886.4,0.646,0.4156,120,120,334,0,128,64,/mnt/vault0/jiajunh5/nl-dpe-fpl/dse/round2_full/1024x256/d80_c60/fc_512_512
1.0,0.0,1024x256,fc_512_512,45,91,1,2,2,1380,10978,12.6,134.45066666666665,251.66933333333336,24.0406,0.5342,1650.3,886.4,0.5371,0.2869,120,120,405,0,180,90,/mnt/vault0/jiajunh5/nl-dpe-fpl/dse/round2_full/1024x256/d100_c0/fc_512_512
1.0,0.2,1024x256,fc_512_512,45,91,1,2,2,1380,8782,15.7,134.45066666666665,251.66933333333336,24.0406,0.5342,1650.3,886.4,0.5371,0.2869,120,120,405,0,180,90,/mnt/vault0/jiajunh5/nl-dpe-fpl/dse/round2_full/1024x256/d100_c20/fc_512_512
1.0,0.4,1024x256,fc_512_512,45,91,1,2,2,1380,6586,21.0,134.45066666666665,251.66933333333336,24.0406,0.5342,1650.3,886.4,0.5371,0.2869,120,120,405,0,180,90,/mnt/vault0/jiajunh5/nl-dpe-fpl/dse/round2_full/1024x256/d100_c40/fc_512_512
1.0,0.6,1024x256,fc_512_512,45,91,1,2,2,1380,4391,31.4,134.45066666666665,251.66933333333336,24.0406,0.5342,1650.3,886.4,0.5371,0.2869,120,120,405,0,180,90,/mnt/vault0/jiajunh5/nl-dpe-fpl/dse/round2_full/1024x256/d100_c60/fc_512_512
0.2,0.0,1024x64,fc_2048_256,2,19,2,4,8,90,10978,0.8,232.668,232.668,2.0,1.0,1238.11,1238.11,1.0,1.0,120,120,30,0,12,16,/mnt/vault0/jiajunh5/nl-dpe-fpl/dse/round2_full/1024x64/d20_c0/fc_2048_256
0.2,0.2,1024x64,fc_2048_256,9,76,2,4,8,300,8782,3.4,184.34666666666666,232.668,7.1308,0.7923,1520.75,1238.11,0.8141,0.6451,120,120,130,0,54,72,/mnt/vault0/jiajunh5/nl-dpe-fpl/dse/round2_full/1024x64/d20_c20/fc_2048_256
0.2,0.4,1024x64,fc_2048_256,23,190,2,4,8,720,6586,10.9,132.02700000000002,232.668,13.0513,0.5674,2060.06,1238.11,0.601,0.341,120,120,366,0,138,184,/mnt/vault0/jiajunh5/nl-dpe-fpl/dse/round2_full/1024x64/d20_c40/fc_2048_256
0.2,0.6,1024x64,fc_2048_256,35,285,2,4,8,1080,4391,24.6,127.29533333333332,232.668,19.1489,0.5471,2130.7,1238.11,0.5811,0.3179,120,120,516,0,210,280,/mnt/vault0/jiajunh5/nl-dpe-fpl/dse/round2_full/1024x64/d20_c60/fc_2048_256
0.4,0.0,1024x64,fc_2048_256,4,38,2,4,8,150,10978,1.4,236.99866666666665,232.668,4.0745,1.0186,1218.41,1238.11,1.0162,1.0351,120,120,65,0,24,32,/mnt/vault0/jiajunh5/nl-dpe-fpl/dse/round2_full/1024x64/d40_c0/fc_2048_256
0.4,0.2,1024x64,fc_2048_256,11,95,2,4,8,360,8782,4.1,192.01433333333333,232.668,9.078,0.8253,1466.41,1238.11,0.8443,0.6968,120,120,167,0,66,88,/mnt/vault0/jiajunh5/nl-dpe-fpl/dse/round2_full/1024x64/d40_c20/fc_2048_256
0.4,0.4,1024x64,fc_2048_256,26,209,2,4,8,810,6586,12.3,134.10833333333332,232.668,14.9862,0.5764,2030.57,1238.11,0.6097,0.3514,120,120,387,0,156,208,/mnt/vault0/jiajunh5/nl-dpe-fpl/dse/round2_full/1024x64/d40_c40/fc_2048_256
0.4,0.6,1024x64,fc_2048_256,38,304,2,4,8,1170,4391,26.6,121.831,232.668,19.8978,0.5236,2219.09,1238.11,0.5579,0.2921,120,120,557,0,228,304,/mnt/vault0/jiajunh5/nl-dpe-fpl/dse/round2_full/1024x64/d40_c60/fc_2048_256
0.6,0.0,1024x64,fc_2048_256,9,76,2,4,8,300,10978,2.7,197.629,232.668,7.6446,0.8494,1429.29,1238.11,0.8662,0.7358,120,120,130,0,54,72,/mnt/vault0/jiajunh5/nl-dpe-fpl/dse/round2_full/1024x64/d60_c0/fc_2048_256
0.6,0.2,1024x64,fc_2048_256,16,133,2,4,8,510,8782,5.8,169.37233333333333,232.668,11.6473,0.728,1641.07,1238.11,0.7545,0.5492,120,120,232,0,96,128,/mnt/vault0/jiajunh5/nl-dpe-fpl/dse/round2_full/1024x64/d60_c20/fc_2048_256
0.6,0.4,1024x64,fc_2048_256,28,228,2,4,8,870,6586,13.2,153.10233333333335,232.668,18.4248,0.658,1798.49,1238.11,0.6884,0.453,120,120,458,0,168,224,/mnt/vault0/jiajunh5/nl-dpe-fpl/dse/round2_full/1024x64/d60_c40/fc_2048_256
0.6,0.6,1024x64,fc_2048_256,42,342,2,4,8,1290,4391,29.4,116.266,232.668,20.9877,0.4997,2317.66,1238.11,0.5342,0.2669,120,120,618,0,252,336,/mnt/vault0/jiajunh5/nl-dpe-fpl/dse/round2_full/1024x64/d60_c60/fc_2048_256
0.8,0.0,1024x64,fc_2048_256,11,95,2,4,8,360,10978,3.3,195.45533333333333,232.668,9.2407,0.8401,1443.41,1238.11,0.8578,0.7206,120,120,167,0,66,88,/mnt/vault0/jiajunh5/nl-dpe-fpl/dse/round2_full/1024x64/d80_c0/fc_2048_256
0.8,0.2,1024x64,fc_2048_256,19,152,2,4,8,600,8782,6.8,144.36599999999999,232.668,11.7891,0.6205,1897.65,1238.11,0.6524,0.4048,120,120,295,0,114,152,/mnt/vault0/jiajunh5/nl-dpe-fpl/dse/round2_full/1024x64/d80_c20/fc_2048_256
0.8,0.4,1024x64,fc_2048_256,30,247,2,4,8,930,6586,14.1,138.30266666666668,232.668,17.8326,0.5944,1973.84,1238.11,0.6273,0.3729,120,120,471,0,180,240,/mnt/vault0/jiajunh5/nl-dpe-fpl/dse/round2_full/1024x64/d80_c40/fc_2048_256
0.8,0.6,1024x64,fc_2048_256,45,361,2,4,8,1380,4391,31.4,113.57566666666666,232.668,21.9665,0.4881,2368.77,1238.11,0.5227,0.2551,120,120,680,0,270,360,/mnt/vault0/jiajunh5/nl-dpe-fpl/dse/round2_full/1024x64/d80_c60/fc_2048_256
1.0,0.0,1024x64,fc_2048_256,16,133,2,4,8,510,10978,4.6,154.66433333333333,232.668,10.6359,0.6647,1781.94,1238.11,0.6948,0.4619,120,120,232,0,96,128,/mnt/vault0/jiajunh5/nl-dpe-fpl/dse/round2_full/1024x64/d100_c0/fc_2048_256
1.0,0.2,1024x64,fc_2048_256,23,190,2,4,8,720,8782,8.2,131.65066666666667,232.668,13.0141,0.5658,2065.5,1238.11,0.5994,0.3392,120,120,366,0,138,184,/mnt/vault0/jiajunh5/nl-dpe-fpl/dse/round2_full/1024x64/d100_c20/fc_2048_256
1.0,0.4,1024x64,fc_2048_256,35,285,2,4,8,1080,6586,16.4,123.223,232.668,18.5363,0.5296,2195.83,1238.11,0.5638,0.2986,120,120,516,0,210,280,/mnt/vault0/jiajunh5/nl-dpe-fpl/dse/round2_full/1024x64/d100_c40/fc_2048_256
1.0,0.6,1024x64,fc_2048_256,49,399,2,4,8,1500,4391,34.2,112.658,232.668,23.7258,0.4842,2386.77,1238.11,0.5187,0.2512,120,120,734,0,294,392,/mnt/vault0/jiajunh5/nl-dpe-fpl/dse/round2_full/1024x64/d100_c60/fc_2048_256
0.2,0.0,1024x64,fc_512_128,9,19,1,2,2,300,10978,2.7,237.25566666666668,237.25566666666668,9.0,1.0,270.74,270.74,1.0,1.0,120,120,86,0,36,18,/mnt/vault0/jiajunh5/nl-dpe-fpl/dse/round2_full/1024x64/d20_c0/fc_512_128
0.2,0.2,1024x64,fc_512_128,38,76,1,2,2,1170,8782,13.3,166.11266666666666,237.25566666666668,26.6054,0.7001,383.96,270.74,0.7051,0.4937,120,120,341,0,152,76,/mnt/vault0/jiajunh5/nl-dpe-fpl/dse/round2_full/1024x64/d20_c20/fc_512_128
0.2,0.4,1024x64,fc_512_128,95,190,1,2,2,2880,6586,43.7,107.66466666666668,237.25566666666668,43.1102,0.4538,588.94,270.74,0.4597,0.2086,120,120,949,0,380,190,/mnt/vault0/jiajunh5/nl-dpe-fpl/dse/round2_full/1024x64/d20_c40/fc_512_128
0.2,0.6,1024x64,fc_512_128,118,285,1,2,2,3570,4391,81.3,86.2052,237.25566666666668,42.8745,0.3633,733.96,270.74,0.3689,0.134,120,120,1205,0,472,236,/mnt/vault0/jiajunh5/nl-dpe-fpl/dse/round2_full/1024x64/d20_c60/fc_512_128
0.4,0.0,1024x64,fc_512_128,19,38,1,2,2,600,10978,5.5,183.89200000000002,237.25566666666668,14.7265,0.7751,347.46,270.74,0.7792,0.6039,120,120,176,0,76,38,/mnt/vault0/jiajunh5/nl-dpe-fpl/dse/round2_full/1024x64/d40_c0/fc_512_128
0.4,0.2,1024x64,fc_512_128,47,95,1,2,2,1440,8782,16.4,155.17499999999998,237.25566666666668,30.7399,0.654,410.58,270.74,0.6594,0.4313,120,120,419,0,188,94,/mnt/vault0/jiajunh5/nl-dpe-fpl/dse/round2_full/1024x64/d40_c20/fc_512_128
0.4,0.4,1024x64,fc_512_128,104,209,1,2,2,3150,6586,47.8,93.79856666666666,237.25566666666668,41.1162,0.3953,675.06,270.74,0.4011,0.1586,120,120,1052,0,416,208,/mnt/vault0/jiajunh5/nl-dpe-fpl/dse/round2_full/1024x64/d40_c40/fc_512_128
0.4,0.6,1024x64,fc_512_128,118,304,1,2,2,3570,4391,81.3,102.279,237.25566666666668,50.8688,0.4311,619.62,270.74,0.4369,0.1884,120,120,1205,0,472,236,/mnt/vault0/jiajunh5/nl-dpe-fpl/dse/round2_full/1024x64/d40_c60/fc_512_128
0.6,0.0,1024x64,fc_512_128,38,76,1,2,2,1170,10978,10.7,166.87266666666667,237.25566666666668,26.7271,0.7033,382.25,270.74,0.7083,0.4982,120,120,341,0,152,76,/mnt/vault0/jiajunh5/nl-dpe-fpl/dse/round2_full/1024x64/d60_c0/fc_512_128
0.6,0.2,1024x64,fc_512_128,66,133,1,2,2,2010,8782,22.9,113.94500000000001,237.25566666666668,31.6973,0.4803,556.83,270.74,0.4862,0.2335,120,120,666,0,264,132,/mnt/vault0/jiajunh5/nl-dpe-fpl/dse/round2_full/1024x64/d60_c20/fc_512_128
0.6,0.4,1024x64,fc_512_128,114,228,1,2,2,3450,6586,52.4,97.4003,237.25566666666668,46.8003,0.4105,650.33,270.74,0.4163,0.1709,120,120,1148,0,456,228,/mnt/vault0/jiajunh5/nl-dpe-fpl/dse/round2_full/1024x64/d60_c40/fc_512_128
0.6,0.6,1024x64,fc_512_128,118,342,1,2,2,3570,4391,81.3,103.44216666666667,237.25566666666668,51.4474,0.436,612.72,270.74,0.4419,0.1927,120,120,1205,0,472,236,/mnt/vault0/jiajunh5/nl-dpe-fpl/dse/round2_full/1024x64/d60_c60/fc_512_128
0.8,0.0,1024x64,fc_512_128,47,95,1,2,2,1440,10978,13.1,147.58466666666666,237.25566666666668,29.2363,0.622,431.37,270.74,0.6276,0.3904,120,120,419,0,188,94,/mnt/vault0/jiajunh5/nl-dpe-fpl/dse/round2_full/1024x64/d80_c0/fc_512_128
0.8,0.2,1024x64,fc_512_128,76,152,1,2,2,2310,8782,26.3,105.38363333333332,237.25566666666668,33.7575,0.4442,601.55,270.74,0.4501,0.1999,120,120,762,0,304,152,/mnt/vault0/jiajunh5/nl-dpe-fpl/dse/round2_full/1024x64/d80_c20/fc_512_128
0.8,0.4,1024x64,fc_512_128,118,247,1,2,2,3570,6586,54.2,91.2989,237.25566666666668,45.4079,0.3848,693.37,270.74,0.3905,0.1503,120,120,1205,0,472,236,/mnt/vault0/jiajunh5/nl-dpe-fpl/dse/round2_full/1024x64/d80_c40/fc_512_128
0.8,0.6,1024x64,fc_512_128,118,361,1,2,2,3570,4391,81.3,92.3614,237.25566666666668,45.9363,0.3893,685.46,270.74,0.395,0.1538,120,120,1205,0,472,236,/mnt/vault0/jiajunh5/nl-dpe-fpl/dse/round2_full/1024x64/d80_c60/fc_512_128
1.0,0.0,1024x64,fc_512_128,66,133,1,2,2,2010,10978,18.3,104.28266666666667,237.25566666666668,29.0094,0.4395,607.83,270.74,0.4454,0.1958,120,120,666,0,264,132,/mnt/vault0/jiajunh5/nl-dpe-fpl/dse/round2_full/1024x64/d100_c0/fc_512_128
1.0,0.2,1024x64,fc_512_128,95,190,1,2,2,2880,8782,32.8,88.89446666666667,237.25566666666668,35.5944,0.3747,711.95,270.74,0.3803,0.1425,120,120,949,0,380,190,/mnt/vault0/jiajunh5/nl-dpe-fpl/dse/round2_full/1024x64/d100_c20/fc_512_128
1.0,0.4,1024x64,fc_512_128,118,285,1,2,2,3570,6586,54.2,101.9248,237.25566666666668,50.6927,0.4296,621.75,270.74,0.4354,0.1871,120,120,1205,0,472,236,/mnt/vault0/jiajunh5/nl-dpe-fpl/dse/round2_full/1024x64/d100_c40/fc_512_128
1.0,0.6,1024x64,fc_512_128,118,399,1,2,2,3570,4391,81.3,92.94013333333334,237.25566666666668,46.2241,0.3917,681.24,270.74,0.3974,0.1557,120,120,1205,0,472,236,/mnt/vault0/jiajunh5/nl-dpe-fpl/dse/round2_full/1024x64/d100_c60/fc_512_128
0.2,0.0,1024x64,fc_512_512,2,19,1,8,8,90,10978,0.8,257.45,257.45,2.0,1.0,984.69,984.69,1.0,1.0,120,120,19,0,8,16,/mnt/vault0/jiajunh5/nl-dpe-fpl/dse/round2_full/1024x64/d20_c0/fc_512_512
0.2,0.2,1024x64,fc_512_512,9,76,1,8,8,300,8782,3.4,220.22133333333332,257.45,7.6986,0.8554,1149.43,984.69,0.8567,0.7328,120,120,93,0,36,72,/mnt/vault0/jiajunh5/nl-dpe-fpl/dse/round2_full/1024x64/d20_c20/fc_512_512
0.2,0.4,1024x64,fc_512_512,23,190,1,8,8,720,6586,10.9,152.08599999999998,257.45,13.587,0.5907,1659.81,984.69,0.5933,0.3505,120,120,242,0,92,184,/mnt/vault0/jiajunh5/nl-dpe-fpl/dse/round2_full/1024x64/d20_c40/fc_512_512
0.2,0.6,1024x64,fc_512_512,35,285,1,8,8,1080,4391,24.6,151.79666666666665,257.45,20.6366,0.5896,1662.95,984.69,0.5921,0.3491,120,120,339,0,140,280,/mnt/vault0/jiajunh5/nl-dpe-fpl/dse/round2_full/1024x64/d20_c60/fc_512_512
0.4,0.0,1024x64,fc_512_512,4,38,1,8,8,150,10978,1.4,224.35566666666668,257.45,3.4858,0.8715,1128.43,984.69,0.8726,0.7604,120,120,42,0,16,32,/mnt/vault0/jiajunh5/nl-dpe-fpl/dse/round2_full/1024x64/d40_c0/fc_512_512
0.4,0.2,1024x64,fc_512_512,11,95,1,8,8,360,8782,4.1,195.28733333333335,257.45,8.344,0.7585,1294.88,984.69,0.7604,0.5768,120,120,109,0,44,88,/mnt/vault0/jiajunh5/nl-dpe-fpl/dse/round2_full/1024x64/d40_c20/fc_512_512
0.4,0.4,1024x64,fc_512_512,26,209,1,8,8,810,6586,12.3,147.775,257.45,14.9239,0.574,1707.93,984.69,0.5765,0.3309,120,120,271,0,104,208,/mnt/vault0/jiajunh5/nl-dpe-fpl/dse/round2_full/1024x64/d40_c40/fc_512_512
0.4,0.6,1024x64,fc_512_512,38,304,1,8,8,1170,4391,26.6,155.67633333333333,257.45,22.9781,0.6047,1621.76,984.69,0.6072,0.3671,120,120,372,0,152,304,/mnt/vault0/jiajunh5/nl-dpe-fpl/dse/round2_full/1024x64/d40_c60/fc_512_512
0.6,0.0,1024x64,fc_512_512,9,76,1,8,8,300,10978,2.7,214.8886666666667,257.45,7.5121,0.8347,1177.7,984.69,0.8361,0.6979,120,120,93,0,36,72,/mnt/vault0/jiajunh5/nl-dpe-fpl/dse/round2_full/1024x64/d60_c0/fc_512_512
0.6,0.2,1024x64,fc_512_512,16,133,1,8,8,510,8782,5.8,179.86,257.45,11.1779,0.6986,1405.08,984.69,0.7008,0.4896,120,120,156,0,64,128,/mnt/vault0/jiajunh5/nl-dpe-fpl/dse/round2_full/1024x64/d60_c20/fc_512_512
0.6,0.4,1024x64,fc_512_512,28,228,1,8,8,870,6586,13.2,155.725,257.45,16.9365,0.6049,1621.26,984.69,0.6074,0.3674,120,120,292,0,112,224,/mnt/vault0/jiajunh5/nl-dpe-fpl/dse/round2_full/1024x64/d60_c40/fc_512_512
0.6,0.6,1024x64,fc_512_512,42,342,1,8,8,1290,4391,29.4,149.76399999999998,257.45,24.4323,0.5817,1685.38,984.69,0.5843,0.3399,120,120,411,0,168,336,/mnt/vault0/jiajunh5/nl-dpe-fpl/dse/round2_full/1024x64/d60_c60/fc_512_512
0.8,0.0,1024x64,fc_512_512,11,95,1,8,8,360,10978,3.3,197.27533333333335,257.45,8.4289,0.7663,1281.94,984.69,0.7681,0.5886,120,120,109,0,44,88,/mnt/vault0/jiajunh5/nl-dpe-fpl/dse/round2_full/1024x64/d80_c0/fc_512_512
0.8,0.2,1024x64,fc_512_512,19,152,1,8,8,600,8782,6.8,177.46633333333332,257.45,13.0971,0.6893,1423.89,984.69,0.6915,0.4767,120,120,183,0,76,152,/mnt/vault0/jiajunh5/nl-dpe-fpl/dse/round2_full/1024x64/d80_c20/fc_512_512
0.8,0.4,1024x64,fc_512_512,30,247,1,8,8,930,6586,14.1,160.94566666666665,257.45,18.7546,0.6252,1569.0,984.69,0.6276,0.3923,120,120,318,0,120,240,/mnt/vault0/jiajunh5/nl-dpe-fpl/dse/round2_full/1024x64/d80_c40/fc_512_512
0.8,0.6,1024x64,fc_512_512,45,361,1,8,8,1380,4391,31.4,141.57899999999998,257.45,24.7468,0.5499,1782.23,984.69,0.5525,0.3038,120,120,438,0,180,360,/mnt/vault0/jiajunh5/nl-dpe-fpl/dse/round2_full/1024x64/d80_c60/fc_512_512
1.0,0.0,1024x64,fc_512_512,16,133,1,8,8,510,10978,4.6,165.75166666666667,257.45,10.3011,0.6438,1523.8,984.69,0.6462,0.416,120,120,156,0,64,128,/mnt/vault0/jiajunh5/nl-dpe-fpl/dse/round2_full/1024x64/d100_c0/fc_512_512
1.0,0.2,1024x64,fc_512_512,23,190,1,8,8,720,8782,8.2,141.065,257.45,12.6024,0.5479,1788.69,984.69,0.5505,0.3016,120,120,242,0,92,184,/mnt/vault0/jiajunh5/nl-dpe-fpl/dse/round2_full/1024x64/d100_c20/fc_512_512
1.0,0.4,1024x64,fc_512_512,35,285,1,8,8,1080,6586,16.4,138.795,257.45,18.869,0.5391,1817.78,984.69,0.5417,0.292,120,120,339,0,140,280,/mnt/vault0/jiajunh5/nl-dpe-fpl/dse/round2_full/1024x64/d100_c40/fc_512_512
1.0,0.6,1024x64,fc_512_512,49,399,1,8,8,1500,4391,34.2,139.92066666666665,257.45,26.6309,0.5435,1803.23,984.69,0.5461,0.2968,120,120,478,0,196,392,/mnt/vault0/jiajunh5/nl-dpe-fpl/dse/round2_full/1024x64/d100_c60/fc_512_512
0.2,0.0,512x128,fc_2048_256,1,14,4,2,8,60,10978,0.5,181.39066666666668,181.39066666666668,1.0,1.0,2172.49,2172.49,1.0,1.0,120,120,19,0,6,8,/mnt/vault0/jiajunh5/nl-dpe-fpl/dse/round2_full/512x128/d20_c0/fc_2048_256
0.2,0.2,512x128,fc_2048_256,7,56,4,2,8,240,8782,2.7,154.285,181.39066666666668,5.954,0.8506,2518.44,2172.49,0.8626,0.7337,120,120,137,0,42,56,/mnt/vault0/jiajunh5/nl-dpe-fpl/dse/round2_full/512x128/d20_c20/fc_2048_256
0.2,0.4,512x128,fc_2048_256,17,140,4,2,8,540,6586,8.2,142.82899999999998,181.39066666666668,13.386,0.7874,2704.13,2172.49,0.8034,0.6326,120,120,340,0,102,136,/mnt/vault0/jiajunh5/nl-dpe-fpl/dse/round2_full/512x128/d20_c40/fc_2048_256
0.2,0.6,512x128,fc_2048_256,26,210,4,2,8,810,4391,18.4,140.74633333333335,181.39066666666668,20.1742,0.7759,2741.14,2172.49,0.7925,0.615,120,120,514,0,156,208,/mnt/vault0/jiajunh5/nl-dpe-fpl/dse/round2_full/512x128/d20_c60/fc_2048_256
0.4,0.0,512x128,fc_2048_256,3,28,4,2,8,120,10978,1.1,176.03566666666666,181.39066666666668,2.9114,0.9705,2232.39,2172.49,0.9732,0.9444,120,120,62,0,18,24,/mnt/vault0/jiajunh5/nl-dpe-fpl/dse/round2_full/512x128/d40_c0/fc_2048_256
0.4,0.2,512x128,fc_2048_256,8,70,4,2,8,270,8782,3.1,178.51933333333332,181.39066666666668,7.8734,0.9842,2204.16,2172.49,0.9856,0.97,120,120,155,0,48,64,/mnt/vault0/jiajunh5/nl-dpe-fpl/dse/round2_full/512x128/d40_c20/fc_2048_256
0.4,0.4,512x128,fc_2048_256,19,154,4,2,8,600,6586,9.1,144.28133333333332,181.39066666666668,15.1129,0.7954,2678.96,2172.49,0.8109,0.645,120,120,368,0,114,152,/mnt/vault0/jiajunh5/nl-dpe-fpl/dse/round2_full/512x128/d40_c40/fc_2048_256
0.4,0.6,512x128,fc_2048_256,28,224,4,2,8,870,4391,19.8,131.99800000000002,181.39066666666668,20.3756,0.7277,2909.33,2172.49,0.7467,0.5434,120,120,558,0,168,224,/mnt/vault0/jiajunh5/nl-dpe-fpl/dse/round2_full/512x128/d40_c60/fc_2048_256
0.6,0.0,512x128,fc_2048_256,7,56,4,2,8,240,10978,2.2,150.22833333333332,181.39066666666668,5.7974,0.8282,2580.96,2172.49,0.8417,0.6971,120,120,137,0,42,56,/mnt/vault0/jiajunh5/nl-dpe-fpl/dse/round2_full/512x128/d60_c0/fc_2048_256
0.6,0.2,512x128,fc_2048_256,12,98,4,2,8,390,8782,4.4,162.43733333333333,181.39066666666668,10.7461,0.8955,2402.25,2172.49,0.9044,0.8099,120,120,238,0,72,96,/mnt/vault0/jiajunh5/nl-dpe-fpl/dse/round2_full/512x128/d60_c20/fc_2048_256
0.6,0.4,512x128,fc_2048_256,21,168,4,2,8,660,6586,10.0,168.73466666666667,181.39066666666668,19.5348,0.9302,2320.19,2172.49,0.9363,0.871,120,120,407,0,126,168,/mnt/vault0/jiajunh5/nl-dpe-fpl/dse/round2_full/512x128/d60_c40/fc_2048_256
0.6,0.6,512x128,fc_2048_256,31,252,4,2,8,960,4391,21.9,118.73166666666667,181.39066666666668,20.2915,0.6546,3211.69,2172.49,0.6764,0.4428,120,120,633,0,186,248,/mnt/vault0/jiajunh5/nl-dpe-fpl/dse/round2_full/512x128/d60_c60/fc_2048_256
0.8,0.0,512x128,fc_2048_256,8,70,4,2,8,270,10978,2.5,172.04166666666666,181.39066666666668,7.5877,0.9485,2279.5,2172.49,0.9531,0.9039,120,120,155,0,48,64,/mnt/vault0/jiajunh5/nl-dpe-fpl/dse/round2_full/512x128/d80_c0/fc_2048_256
0.8,0.2,512x128,fc_2048_256,14,112,4,2,8,450,8782,5.1,170.40233333333333,181.39066666666668,13.1519,0.9394,2299.47,2172.49,0.9448,0.8875,120,120,270,0,84,112,/mnt/vault0/jiajunh5/nl-dpe-fpl/dse/round2_full/512x128/d80_c20/fc_2048_256
0.8,0.4,512x128,fc_2048_256,22,182,4,2,8,690,6586,10.5,129.51333333333335,181.39066666666668,15.708,0.714,2961.25,2172.49,0.7336,0.5238,120,120,439,0,132,176,/mnt/vault0/jiajunh5/nl-dpe-fpl/dse/round2_full/512x128/d80_c40/fc_2048_256
0.8,0.6,512x128,fc_2048_256,33,266,4,2,8,1020,4391,23.2,136.79466666666667,181.39066666666668,24.8867,0.7541,2814.45,2172.49,0.7719,0.5821,120,120,648,0,198,264,/mnt/vault0/jiajunh5/nl-dpe-fpl/dse/round2_full/512x128/d80_c60/fc_2048_256
1.0,0.0,512x128,fc_2048_256,12,98,4,2,8,390,10978,3.6,156.42166666666665,181.39066666666668,10.3482,0.8623,2486.82,2172.49,0.8736,0.7533,120,120,238,0,72,96,/mnt/vault0/jiajunh5/nl-dpe-fpl/dse/round2_full/512x128/d100_c0/fc_2048_256
1.0,0.2,512x128,fc_2048_256,17,140,4,2,8,540,8782,6.1,146.72433333333333,181.39066666666668,13.7511,0.8089,2637.74,2172.49,0.8236,0.6662,120,120,340,0,102,136,/mnt/vault0/jiajunh5/nl-dpe-fpl/dse/round2_full/512x128/d100_c20/fc_2048_256
1.0,0.4,512x128,fc_2048_256,26,210,4,2,8,810,6586,12.3,143.64633333333333,181.39066666666668,20.5898,0.7919,2689.9,2172.49,0.8076,0.6396,120,120,514,0,156,208,/mnt/vault0/jiajunh5/nl-dpe-fpl/dse/round2_full/512x128/d100_c40/fc_2048_256
1.0,0.6,512x128,fc_2048_256,36,294,4,2,8,1110,4391,25.3,124.75666666666666,181.39066666666668,24.76,0.6878,3066.4,2172.49,0.7085,0.4873,120,120,707,0,216,288,/mnt/vault0/jiajunh5/nl-dpe-fpl/dse/round2_full/512x128/d100_c60/fc_2048_256
0.2,0.0,512x128,fc_512_128,14,14,1,1,1,450,10978,4.1,183.72733333333335,183.72733333333335,14.0,1.0,249.4,249.4,1.0,1.0,120,120,135,0,56,14,/mnt/vault0/jiajunh5/nl-dpe-fpl/dse/round2_full/512x128/d20_c0/fc_512_128
0.2,0.2,512x128,fc_512_128,56,56,1,1,1,1710,8782,19.5,140.67233333333334,183.72733333333335,42.8769,0.7657,323.78,249.4,0.7703,0.5898,120,120,516,0,224,56,/mnt/vault0/jiajunh5/nl-dpe-fpl/dse/round2_full/512x128/d20_c20/fc_512_128
0.2,0.4,512x128,fc_512_128,118,140,1,1,1,3570,6586,54.2,80.4785,183.72733333333335,51.6878,0.438,561.17,249.4,0.4444,0.1947,120,120,1154,0,472,118,/mnt/vault0/jiajunh5/nl-dpe-fpl/dse/round2_full/512x128/d20_c40/fc_512_128
0.2,0.6,512x128,fc_512_128,118,210,1,1,1,3570,4391,81.3,95.0799,183.72733333333335,61.0656,0.5175,475.97,249.4,0.524,0.2712,120,120,1154,0,472,118,/mnt/vault0/jiajunh5/nl-dpe-fpl/dse/round2_full/512x128/d20_c60/fc_512_128
0.4,0.0,512x128,fc_512_128,28,28,1,1,1,870,10978,7.9,173.02633333333333,183.72733333333335,26.3692,0.9418,264.43,249.4,0.9432,0.8882,120,120,285,0,112,28,/mnt/vault0/jiajunh5/nl-dpe-fpl/dse/round2_full/512x128/d40_c0/fc_512_128
0.4,0.2,512x128,fc_512_128,70,70,1,1,1,2130,8782,24.3,99.5552,183.72733333333335,37.9305,0.5419,454.86,249.4,0.5483,0.2971,120,120,717,0,280,70,/mnt/vault0/jiajunh5/nl-dpe-fpl/dse/round2_full/512x128/d40_c20/fc_512_128
0.4,0.4,512x128,fc_512_128,118,154,1,1,1,3570,6586,54.2,87.30460000000001,183.72733333333335,56.0719,0.4752,517.79,249.4,0.4817,0.2289,120,120,1154,0,472,118,/mnt/vault0/jiajunh5/nl-dpe-fpl/dse/round2_full/512x128/d40_c40/fc_512_128
0.4,0.6,512x128,fc_512_128,118,224,1,1,1,3570,4391,81.3,109.62833333333333,183.72733333333335,70.4095,0.5967,413.66,249.4,0.6029,0.3598,120,120,1154,0,472,118,/mnt/vault0/jiajunh5/nl-dpe-fpl/dse/round2_full/512x128/d40_c60/fc_512_128
0.6,0.0,512x128,fc_512_128,56,56,1,1,1,1710,10978,15.6,145.53966666666668,183.72733333333335,44.3604,0.7922,313.16,249.4,0.7964,0.6309,120,120,516,0,224,56,/mnt/vault0/jiajunh5/nl-dpe-fpl/dse/round2_full/512x128/d60_c0/fc_512_128
0.6,0.2,512x128,fc_512_128,98,98,1,1,1,2970,8782,33.8,79.8347,183.72733333333335,42.5838,0.4345,565.64,249.4,0.4409,0.1916,120,120,974,0,392,98,/mnt/vault0/jiajunh5/nl-dpe-fpl/dse/round2_full/512x128/d60_c20/fc_512_128
0.6,0.4,512x128,fc_512_128,118,168,1,1,1,3570,6586,54.2,87.14793333333334,183.72733333333335,55.9713,0.4743,518.71,249.4,0.4808,0.2281,120,120,1154,0,472,118,/mnt/vault0/jiajunh5/nl-dpe-fpl/dse/round2_full/512x128/d60_c40/fc_512_128
0.6,0.6,512x128,fc_512_128,118,252,1,1,1,3570,4391,81.3,102.55353333333333,183.72733333333335,65.8656,0.5582,441.75,249.4,0.5646,0.3151,120,120,1154,0,472,118,/mnt/vault0/jiajunh5/nl-dpe-fpl/dse/round2_full/512x128/d60_c60/fc_512_128
0.8,0.0,512x128,fc_512_128,70,70,1,1,1,2130,10978,19.4,107.23516666666667,183.72733333333335,40.8565,0.5837,422.74,249.4,0.59,0.3443,120,120,717,0,280,70,/mnt/vault0/jiajunh5/nl-dpe-fpl/dse/round2_full/512x128/d80_c0/fc_512_128
0.8,0.2,512x128,fc_512_128,112,112,1,1,1,3390,8782,38.6,101.08436666666667,183.72733333333335,61.6209,0.5502,448.08,249.4,0.5566,0.3062,120,120,1111,0,448,112,/mnt/vault0/jiajunh5/nl-dpe-fpl/dse/round2_full/512x128/d80_c20/fc_512_128
0.8,0.4,512x128,fc_512_128,118,182,1,1,1,3570,6586,54.2,107.09583333333335,183.72733333333335,68.783,0.5829,423.29,249.4,0.5892,0.3434,120,120,1154,0,472,118,/mnt/vault0/jiajunh5/nl-dpe-fpl/dse/round2_full/512x128/d80_c40/fc_512_128
0.8,0.6,512x128,fc_512_128,118,266,1,1,1,3570,4391,81.3,92.44903333333333,183.72733333333335,59.376,0.5032,489.34,249.4,0.5097,0.2565,120,120,1154,0,472,118,/mnt/vault0/jiajunh5/nl-dpe-fpl/dse/round2_full/512x128/d80_c60/fc_512_128
1.0,0.0,512x128,fc_512_128,98,98,1,1,1,2970,10978,27.1,97.98380000000002,183.72733333333335,52.2645,0.5333,462.06,249.4,0.5398,0.2879,120,120,974,0,392,98,/mnt/vault0/jiajunh5/nl-dpe-fpl/dse/round2_full/512x128/d100_c0/fc_512_128
1.0,0.2,512x128,fc_512_128,118,140,1,1,1,3570,8782,40.7,96.2513,183.72733333333335,61.818,0.5239,470.26,249.4,0.5303,0.2778,120,120,1154,0,472,118,/mnt/vault0/jiajunh5/nl-dpe-fpl/dse/round2_full/512x128/d100_c20/fc_512_128
1.0,0.4,512x128,fc_512_128,118,210,1,1,1,3570,6586,54.2,93.64763333333333,183.72733333333335,60.1458,0.5097,483.15,249.4,0.5162,0.2631,120,120,1154,0,472,118,/mnt/vault0/jiajunh5/nl-dpe-fpl/dse/round2_full/512x128/d100_c40/fc_512_128
1.0,0.6,512x128,fc_512_128,118,294,1,1,1,3570,4391,81.3,100.01996666666666,183.72733333333335,64.2384,0.5444,452.78,249.4,0.5508,0.2999,120,120,1154,0,472,118,/mnt/vault0/jiajunh5/nl-dpe-fpl/dse/round2_full/512x128/d100_c60/fc_512_128
0.2,0.0,512x128,fc_512_512,3,14,1,4,4,120,10978,1.1,279.3523333333333,279.3523333333333,3.0,1.0,649.51,649.51,1.0,1.0,120,120,36,0,12,12,/mnt/vault0/jiajunh5/nl-dpe-fpl/dse/round2_full/512x128/d20_c0/fc_512_512
0.2,0.2,512x128,fc_512_512,14,56,1,4,4,450,8782,5.1,189.19233333333332,279.3523333333333,9.4815,0.6773,954.17,649.51,0.6807,0.461,120,120,135,0,56,56,/mnt/vault0/jiajunh5/nl-dpe-fpl/dse/round2_full/512x128/d20_c20/fc_512_512
0.2,0.4,512x128,fc_512_512,35,140,1,4,4,1080,6586,16.4,168.97799999999998,279.3523333333333,21.1712,0.6049,1067.1,649.51,0.6087,0.3682,120,120,341,0,140,140,/mnt/vault0/jiajunh5/nl-dpe-fpl/dse/round2_full/512x128/d20_c40/fc_512_512
0.2,0.6,512x128,fc_512_512,52,210,1,4,4,1590,4391,36.2,145.9,279.3523333333333,27.1585,0.5223,1234.28,649.51,0.5262,0.2748,120,120,505,0,208,208,/mnt/vault0/jiajunh5/nl-dpe-fpl/dse/round2_full/512x128/d20_c60/fc_512_512
0.4,0.0,512x128,fc_512_512,7,28,1,4,4,240,10978,2.2,222.03566666666666,279.3523333333333,5.5638,0.7948,814.54,649.51,0.7974,0.6338,120,120,64,0,28,28,/mnt/vault0/jiajunh5/nl-dpe-fpl/dse/round2_full/512x128/d40_c0/fc_512_512
0.4,0.2,512x128,fc_512_512,17,70,1,4,4,540,8782,6.1,187.31566666666666,279.3523333333333,11.3991,0.6705,963.63,649.51,0.674,0.452,120,120,162,0,68,68,/mnt/vault0/jiajunh5/nl-dpe-fpl/dse/round2_full/512x128/d40_c20/fc_512_512
0.4,0.4,512x128,fc_512_512,38,154,1,4,4,1170,6586,17.8,158.38,279.3523333333333,21.5443,0.567,1137.82,649.51,0.5708,0.3236,120,120,372,0,152,152,/mnt/vault0/jiajunh5/nl-dpe-fpl/dse/round2_full/512x128/d40_c40/fc_512_512
0.4,0.6,512x128,fc_512_512,56,224,1,4,4,1710,4391,38.9,143.59433333333334,279.3523333333333,28.7855,0.514,1253.93,649.51,0.518,0.2663,120,120,547,0,224,224,/mnt/vault0/jiajunh5/nl-dpe-fpl/dse/round2_full/512x128/d40_c60/fc_512_512
0.6,0.0,512x128,fc_512_512,14,56,1,4,4,450,10978,4.1,186.26133333333334,279.3523333333333,9.3347,0.6668,969.03,649.51,0.6703,0.4469,120,120,135,0,56,56,/mnt/vault0/jiajunh5/nl-dpe-fpl/dse/round2_full/512x128/d60_c0/fc_512_512
0.6,0.2,512x128,fc_512_512,24,98,1,4,4,750,8782,8.5,184.98333333333335,279.3523333333333,15.8925,0.6622,975.65,649.51,0.6657,0.4408,120,120,252,0,96,96,/mnt/vault0/jiajunh5/nl-dpe-fpl/dse/round2_full/512x128/d60_c20/fc_512_512
0.6,0.4,512x128,fc_512_512,42,168,1,4,4,1290,6586,19.6,145.833,279.3523333333333,21.9257,0.522,1234.84,649.51,0.526,0.2746,120,120,410,0,168,168,/mnt/vault0/jiajunh5/nl-dpe-fpl/dse/round2_full/512x128/d60_c40/fc_512_512
0.6,0.6,512x128,fc_512_512,63,252,1,4,4,1920,4391,43.7,126.923,279.3523333333333,28.6239,0.4543,1417.3,649.51,0.4583,0.2082,120,120,656,0,252,252,/mnt/vault0/jiajunh5/nl-dpe-fpl/dse/round2_full/512x128/d60_c60/fc_512_512
0.8,0.0,512x128,fc_512_512,17,70,1,4,4,540,10978,4.9,176.58233333333337,279.3523333333333,10.7459,0.6321,1021.58,649.51,0.6358,0.4019,120,120,162,0,68,68,/mnt/vault0/jiajunh5/nl-dpe-fpl/dse/round2_full/512x128/d80_c0/fc_512_512
0.8,0.2,512x128,fc_512_512,28,112,1,4,4,870,8782,9.9,156.20966666666666,279.3523333333333,15.6572,0.5592,1153.49,649.51,0.5631,0.3149,120,120,295,0,112,112,/mnt/vault0/jiajunh5/nl-dpe-fpl/dse/round2_full/512x128/d80_c20/fc_512_512
0.8,0.4,512x128,fc_512_512,45,182,1,4,4,1380,6586,21.0,138.609,279.3523333333333,22.3281,0.4962,1298.66,649.51,0.5001,0.2482,120,120,440,0,180,180,/mnt/vault0/jiajunh5/nl-dpe-fpl/dse/round2_full/512x128/d80_c40/fc_512_512
0.8,0.6,512x128,fc_512_512,66,266,1,4,4,2010,4391,45.8,101.7998,279.3523333333333,24.0513,0.3644,1764.55,649.51,0.3681,0.1341,120,120,725,0,264,264,/mnt/vault0/jiajunh5/nl-dpe-fpl/dse/round2_full/512x128/d80_c60/fc_512_512
1.0,0.0,512x128,fc_512_512,24,98,1,4,4,750,10978,6.8,165.58566666666667,279.3523333333333,14.226,0.5927,1088.75,649.51,0.5966,0.3536,120,120,252,0,96,96,/mnt/vault0/jiajunh5/nl-dpe-fpl/dse/round2_full/512x128/d100_c0/fc_512_512
1.0,0.2,512x128,fc_512_512,35,140,1,4,4,1080,8782,12.3,157.47433333333333,279.3523333333333,19.7299,0.5637,1144.31,649.51,0.5676,0.32,120,120,341,0,140,140,/mnt/vault0/jiajunh5/nl-dpe-fpl/dse/round2_full/512x128/d100_c20/fc_512_512
1.0,0.4,512x128,fc_512_512,52,210,1,4,4,1590,6586,24.1,143.37866666666665,279.3523333333333,26.6892,0.5133,1255.8,649.51,0.5172,0.2655,120,120,505,0,208,208,/mnt/vault0/jiajunh5/nl-dpe-fpl/dse/round2_full/512x128/d100_c40/fc_512_512
1.0,0.6,512x128,fc_512_512,73,294,1,4,4,2220,4391,50.6,111.81866666666667,279.3523333333333,29.2203,0.4003,1607.37,649.51,0.4041,0.1617,120,120,801,0,292,292,/mnt/vault0/jiajunh5/nl-dpe-fpl/dse/round2_full/512x128/d100_c60/fc_512_512
0.2,0.0,512x256,fc_2048_256,2,9,4,1,4,90,10978,0.8,135.24833333333333,135.24833333333333,2.0,1.0,2769.45,2769.45,1.0,1.0,120,120,39,0,12,8,/mnt/vault0/jiajunh5/nl-dpe-fpl/dse/round2_full/512x256/d20_c0/fc_2048_256
0.2,0.2,512x256,fc_2048_256,6,27,4,1,4,210,8782,2.4,161.05466666666666,135.24833333333333,7.1448,1.1908,2358.28,2769.45,1.1744,1.3984,120,120,129,0,36,24,/mnt/vault0/jiajunh5/nl-dpe-fpl/dse/round2_full/512x256/d20_c20/fc_2048_256
0.2,0.4,512x256,fc_2048_256,13,54,4,1,4,420,6586,6.4,116.95666666666666,135.24833333333333,11.2418,0.8648,3170.79,2769.45,0.8734,0.7553,120,120,264,0,78,52,/mnt/vault0/jiajunh5/nl-dpe-fpl/dse/round2_full/512x256/d20_c40/fc_2048_256
0.2,0.6,512x256,fc_2048_256,22,90,4,1,4,690,4391,15.7,131.84833333333333,135.24833333333333,21.4469,0.9749,2835.63,2769.45,0.9767,0.9521,120,120,452,0,132,88,/mnt/vault0/jiajunh5/nl-dpe-fpl/dse/round2_full/512x256/d20_c60/fc_2048_256
0.4,0.0,512x256,fc_2048_256,4,18,4,1,4,150,10978,1.4,155.9523333333333,135.24833333333333,4.6123,1.1531,2428.78,2769.45,1.1403,1.3148,120,120,82,0,24,16,/mnt/vault0/jiajunh5/nl-dpe-fpl/dse/round2_full/512x256/d40_c0/fc_2048_256
0.4,0.2,512x256,fc_2048_256,9,36,4,1,4,300,8782,3.4,152.343,135.24833333333333,10.1376,1.1264,2481.51,2769.45,1.116,1.2571,120,120,186,0,54,36,/mnt/vault0/jiajunh5/nl-dpe-fpl/dse/round2_full/512x256/d40_c20/fc_2048_256
0.4,0.4,512x256,fc_2048_256,13,54,4,1,4,420,6586,6.4,119.70333333333333,135.24833333333333,11.5058,0.8851,3102.7,2769.45,0.8926,0.79,120,120,264,0,78,52,/mnt/vault0/jiajunh5/nl-dpe-fpl/dse/round2_full/512x256/d40_c40/fc_2048_256
0.4,0.6,512x256,fc_2048_256,24,99,4,1,4,750,4391,17.1,140.69066666666666,135.24833333333333,24.9657,1.0402,2670.19,2769.45,1.0372,1.0789,120,120,480,0,144,96,/mnt/vault0/jiajunh5/nl-dpe-fpl/dse/round2_full/512x256/d40_c60/fc_2048_256
0.6,0.0,512x256,fc_2048_256,9,36,4,1,4,300,10978,2.7,156.79066666666668,135.24833333333333,10.4335,1.1593,2416.88,2769.45,1.1459,1.3284,120,120,186,0,54,36,/mnt/vault0/jiajunh5/nl-dpe-fpl/dse/round2_full/512x256/d60_c0/fc_2048_256
0.6,0.2,512x256,fc_2048_256,13,54,4,1,4,420,8782,4.8,113.80633333333333,135.24833333333333,10.939,0.8415,3252.93,2769.45,0.8514,0.7164,120,120,264,0,78,52,/mnt/vault0/jiajunh5/nl-dpe-fpl/dse/round2_full/512x256/d60_c20/fc_2048_256
0.6,0.4,512x256,fc_2048_256,18,72,4,1,4,570,6586,8.7,128.317,135.24833333333333,17.0775,0.9488,2908.07,2769.45,0.9523,0.9035,120,120,373,0,108,72,/mnt/vault0/jiajunh5/nl-dpe-fpl/dse/round2_full/512x256/d60_c40/fc_2048_256
0.6,0.6,512x256,fc_2048_256,27,108,4,1,4,840,4391,19.1,133.196,135.24833333333333,26.5903,0.9848,2808.99,2769.45,0.9859,0.971,120,120,572,0,162,108,/mnt/vault0/jiajunh5/nl-dpe-fpl/dse/round2_full/512x256/d60_c60/fc_2048_256
0.8,0.0,512x256,fc_2048_256,11,45,4,1,4,360,10978,3.3,160.25666666666666,135.24833333333333,13.034,1.1849,2369.01,2769.45,1.169,1.3852,120,120,234,0,66,44,/mnt/vault0/jiajunh5/nl-dpe-fpl/dse/round2_full/512x256/d80_c0/fc_2048_256
0.8,0.2,512x256,fc_2048_256,15,63,4,1,4,480,8782,5.5,149.479,135.24833333333333,16.5783,1.1052,2525.16,2769.45,1.0967,1.2121,120,120,301,0,90,60,/mnt/vault0/jiajunh5/nl-dpe-fpl/dse/round2_full/512x256/d80_c20/fc_2048_256
0.8,0.4,512x256,fc_2048_256,20,81,4,1,4,630,6586,9.6,145.14433333333332,135.24833333333333,21.4634,1.0732,2594.5,2769.45,1.0674,1.1455,120,120,396,0,120,80,/mnt/vault0/jiajunh5/nl-dpe-fpl/dse/round2_full/512x256/d80_c40/fc_2048_256
0.8,0.6,512x256,fc_2048_256,29,117,4,1,4,900,4391,20.5,141.23766666666666,135.24833333333333,30.2842,1.0443,2660.64,2769.45,1.0409,1.087,120,120,571,0,174,116,/mnt/vault0/jiajunh5/nl-dpe-fpl/dse/round2_full/512x256/d80_c60/fc_2048_256
1.0,0.0,512x256,fc_2048_256,15,63,4,1,4,480,10978,4.4,141.08666666666667,135.24833333333333,15.6475,1.0432,2663.27,2769.45,1.0399,1.0848,120,120,301,0,90,60,/mnt/vault0/jiajunh5/nl-dpe-fpl/dse/round2_full/512x256/d100_c0/fc_2048_256
1.0,0.2,512x256,fc_2048_256,18,72,4,1,4,570,8782,6.5,119.57066666666667,135.24833333333333,15.9135,0.8841,3105.91,2769.45,0.8917,0.7883,120,120,373,0,108,72,/mnt/vault0/jiajunh5/nl-dpe-fpl/dse/round2_full/512x256/d100_c20/fc_2048_256
1.0,0.4,512x256,fc_2048_256,22,90,4,1,4,690,6586,10.5,138.80100000000002,135.24833333333333,22.5779,1.0263,2703.77,2769.45,1.0243,1.0512,120,120,452,0,132,88,/mnt/vault0/jiajunh5/nl-dpe-fpl/dse/round2_full/512x256/d100_c40/fc_2048_256
1.0,0.6,512x256,fc_2048_256,31,126,4,1,4,960,4391,21.9,141.65266666666665,135.24833333333333,32.4679,1.0474,2653.44,2769.45,1.0437,1.0931,120,120,602,0,186,124,/mnt/vault0/jiajunh5/nl-dpe-fpl/dse/round2_full/512x256/d100_c60/fc_2048_256
0.2,0.0,512x256,fc_512_128,9,9,1,1,1,300,10978,2.7,227.35833333333335,227.35833333333335,9.0,1.0,388.01,388.01,1.0,1.0,120,120,84,0,36,9,/mnt/vault0/jiajunh5/nl-dpe-fpl/dse/round2_full/512x256/d20_c0/fc_512_128
0.2,0.2,512x256,fc_512_128,27,27,1,1,1,840,8782,9.6,146.168,227.35833333333335,17.3582,0.6429,599.99,388.01,0.6467,0.4158,120,120,272,0,108,27,/mnt/vault0/jiajunh5/nl-dpe-fpl/dse/round2_full/512x256/d20_c20/fc_512_128
0.2,0.4,512x256,fc_512_128,54,54,1,1,1,1650,6586,25.1,142.41966666666667,227.35833333333335,33.8262,0.6264,615.61,388.01,0.6303,0.3948,120,120,493,0,216,54,/mnt/vault0/jiajunh5/nl-dpe-fpl/dse/round2_full/512x256/d20_c40/fc_512_128
0.2,0.6,512x256,fc_512_128,90,90,1,1,1,2730,4391,62.2,93.39523333333334,227.35833333333335,36.9706,0.4108,935.4,388.01,0.4148,0.1704,120,120,923,0,360,90,/mnt/vault0/jiajunh5/nl-dpe-fpl/dse/round2_full/512x256/d20_c60/fc_512_128
0.4,0.0,512x256,fc_512_128,18,18,1,1,1,570,10978,5.2,176.564,227.35833333333335,13.9786,0.7766,497.8,388.01,0.7794,0.6053,120,120,182,0,72,18,/mnt/vault0/jiajunh5/nl-dpe-fpl/dse/round2_full/512x256/d40_c0/fc_512_128
0.4,0.2,512x256,fc_512_128,36,36,1,1,1,1110,8782,12.6,146.688,227.35833333333335,23.2266,0.6452,597.88,388.01,0.649,0.4187,120,120,331,0,144,36,/mnt/vault0/jiajunh5/nl-dpe-fpl/dse/round2_full/512x256/d40_c20/fc_512_128
0.4,0.4,512x256,fc_512_128,54,54,1,1,1,1650,6586,25.1,143.839,227.35833333333335,34.1633,0.6327,609.6,388.01,0.6365,0.4027,120,120,493,0,216,54,/mnt/vault0/jiajunh5/nl-dpe-fpl/dse/round2_full/512x256/d40_c40/fc_512_128
0.4,0.6,512x256,fc_512_128,99,99,1,1,1,3000,4391,68.3,94.48290000000001,227.35833333333335,41.1413,0.4156,924.71,388.01,0.4196,0.1744,120,120,983,0,396,99,/mnt/vault0/jiajunh5/nl-dpe-fpl/dse/round2_full/512x256/d40_c60/fc_512_128
0.6,0.0,512x256,fc_512_128,36,36,1,1,1,1110,10978,10.1,178.289,227.35833333333335,28.2303,0.7842,493.04,388.01,0.787,0.6171,120,120,331,0,144,36,/mnt/vault0/jiajunh5/nl-dpe-fpl/dse/round2_full/512x256/d60_c0/fc_512_128
0.6,0.2,512x256,fc_512_128,54,54,1,1,1,1650,8782,18.8,141.74133333333336,227.35833333333335,33.6651,0.6234,618.53,388.01,0.6273,0.3911,120,120,493,0,216,54,/mnt/vault0/jiajunh5/nl-dpe-fpl/dse/round2_full/512x256/d60_c20/fc_512_128
0.6,0.4,512x256,fc_512_128,72,72,1,1,1,2190,6586,33.3,109.04833333333333,227.35833333333335,34.5335,0.4796,802.05,388.01,0.4838,0.232,120,120,728,0,288,72,/mnt/vault0/jiajunh5/nl-dpe-fpl/dse/round2_full/512x256/d60_c40/fc_512_128
0.6,0.6,512x256,fc_512_128,108,108,1,1,1,3270,4391,74.5,94.75516666666665,227.35833333333335,45.0107,0.4168,922.07,388.01,0.4208,0.1754,120,120,1114,0,432,108,/mnt/vault0/jiajunh5/nl-dpe-fpl/dse/round2_full/512x256/d60_c60/fc_512_128
0.8,0.0,512x256,fc_512_128,45,45,1,1,1,1380,10978,12.6,145.48333333333332,227.35833333333335,28.7949,0.6399,602.78,388.01,0.6437,0.4119,120,120,425,0,180,45,/mnt/vault0/jiajunh5/nl-dpe-fpl/dse/round2_full/512x256/d80_c0/fc_512_128
0.8,0.2,512x256,fc_512_128,63,63,1,1,1,1920,8782,21.9,131.10133333333332,227.35833333333335,36.3276,0.5766,668.21,388.01,0.5807,0.3348,120,120,599,0,252,63,/mnt/vault0/jiajunh5/nl-dpe-fpl/dse/round2_full/512x256/d80_c20/fc_512_128
0.8,0.4,512x256,fc_512_128,81,81,1,1,1,2460,6586,37.4,92.48866666666667,227.35833333333335,32.9505,0.4068,944.51,388.01,0.4108,0.1671,120,120,808,0,324,81,/mnt/vault0/jiajunh5/nl-dpe-fpl/dse/round2_full/512x256/d80_c40/fc_512_128
0.8,0.6,512x256,fc_512_128,117,117,1,1,1,3540,4391,80.6,101.72426666666667,227.35833333333335,52.3479,0.4474,859.34,388.01,0.4515,0.202,120,120,1153,0,468,117,/mnt/vault0/jiajunh5/nl-dpe-fpl/dse/round2_full/512x256/d80_c60/fc_512_128
1.0,0.0,512x256,fc_512_128,63,63,1,1,1,1920,10978,17.5,132.11833333333334,227.35833333333335,36.6094,0.5811,663.11,388.01,0.5851,0.34,120,120,599,0,252,63,/mnt/vault0/jiajunh5/nl-dpe-fpl/dse/round2_full/512x256/d100_c0/fc_512_128
1.0,0.2,512x256,fc_512_128,72,72,1,1,1,2190,8782,24.9,103.55233333333332,227.35833333333335,32.793,0.4555,844.28,388.01,0.4596,0.2093,120,120,728,0,288,72,/mnt/vault0/jiajunh5/nl-dpe-fpl/dse/round2_full/512x256/d100_c20/fc_512_128
1.0,0.4,512x256,fc_512_128,90,90,1,1,1,2730,6586,41.5,105.32833333333333,227.35833333333335,41.6943,0.4633,830.15,388.01,0.4674,0.2165,120,120,923,0,360,90,/mnt/vault0/jiajunh5/nl-dpe-fpl/dse/round2_full/512x256/d100_c40/fc_512_128
1.0,0.6,512x256,fc_512_128,118,126,1,1,1,3570,4391,81.3,104.903,227.35833333333335,54.4451,0.4614,833.49,388.01,0.4655,0.2148,120,120,1154,0,472,118,/mnt/vault0/jiajunh5/nl-dpe-fpl/dse/round2_full/512x256/d100_c60/fc_512_128
0.2,0.0,512x256,fc_512_512,4,9,1,2,2,150,10978,1.4,254.03100000000003,254.03100000000003,4.0,1.0,693.31,693.31,1.0,1.0,120,120,41,0,16,8,/mnt/vault0/jiajunh5/nl-dpe-fpl/dse/round2_full/512x256/d20_c0/fc_512_512
0.2,0.2,512x256,fc_512_512,13,27,1,2,2,420,8782,4.8,175.44899999999998,254.03100000000003,8.9786,0.6907,999.27,693.31,0.6938,0.4792,120,120,119,0,52,26,/mnt/vault0/jiajunh5/nl-dpe-fpl/dse/round2_full/512x256/d20_c20/fc_512_512
0.2,0.4,512x256,fc_512_512,27,54,1,2,2,840,6586,12.8,154.27266666666665,254.03100000000003,16.3971,0.6073,1135.03,693.31,0.6108,0.371,120,120,274,0,108,54,/mnt/vault0/jiajunh5/nl-dpe-fpl/dse/round2_full/512x256/d20_c40/fc_512_512
0.2,0.6,512x256,fc_512_512,45,90,1,2,2,1380,4391,31.4,151.73333333333332,254.03100000000003,26.8786,0.5973,1153.86,693.31,0.6009,0.3589,120,120,405,0,180,90,/mnt/vault0/jiajunh5/nl-dpe-fpl/dse/round2_full/512x256/d20_c60/fc_512_512
0.4,0.0,512x256,fc_512_512,9,18,1,2,2,300,10978,2.7,221.47133333333332,254.03100000000003,7.8465,0.8718,793.74,693.31,0.8735,0.7615,120,120,86,0,36,18,/mnt/vault0/jiajunh5/nl-dpe-fpl/dse/round2_full/512x256/d40_c0/fc_512_512
0.4,0.2,512x256,fc_512_512,18,36,1,2,2,570,8782,6.5,167.95366666666666,254.03100000000003,11.9008,0.6612,1043.41,693.31,0.6645,0.4393,120,120,187,0,72,36,/mnt/vault0/jiajunh5/nl-dpe-fpl/dse/round2_full/512x256/d40_c20/fc_512_512
0.4,0.4,512x256,fc_512_512,27,54,1,2,2,840,6586,12.8,165.38566666666668,254.03100000000003,17.5782,0.651,1059.45,693.31,0.6544,0.426,120,120,274,0,108,54,/mnt/vault0/jiajunh5/nl-dpe-fpl/dse/round2_full/512x256/d40_c40/fc_512_512
0.4,0.6,512x256,fc_512_512,49,99,1,2,2,1500,4391,34.2,135.12066666666666,254.03100000000003,26.0634,0.5319,1294.47,693.31,0.5356,0.2849,120,120,451,0,196,98,/mnt/vault0/jiajunh5/nl-dpe-fpl/dse/round2_full/512x256/d40_c60/fc_512_512
0.6,0.0,512x256,fc_512_512,18,36,1,2,2,570,10978,5.2,179.20933333333335,254.03100000000003,12.6983,0.7055,978.51,693.31,0.7085,0.4998,120,120,187,0,72,36,/mnt/vault0/jiajunh5/nl-dpe-fpl/dse/round2_full/512x256/d60_c0/fc_512_512
0.6,0.2,512x256,fc_512_512,27,54,1,2,2,840,8782,9.6,171.46266666666668,254.03100000000003,18.2241,0.675,1022.26,693.31,0.6782,0.4578,120,120,274,0,108,54,/mnt/vault0/jiajunh5/nl-dpe-fpl/dse/round2_full/512x256/d60_c20/fc_512_512
0.6,0.4,512x256,fc_512_512,36,72,1,2,2,1110,6586,16.9,164.85766666666666,254.03100000000003,23.3628,0.649,1062.81,693.31,0.6523,0.4233,120,120,325,0,144,72,/mnt/vault0/jiajunh5/nl-dpe-fpl/dse/round2_full/512x256/d60_c40/fc_512_512
0.6,0.6,512x256,fc_512_512,54,108,1,2,2,1650,4391,37.6,134.97533333333334,254.03100000000003,28.692,0.5313,1295.85,693.31,0.535,0.2843,120,120,495,0,216,108,/mnt/vault0/jiajunh5/nl-dpe-fpl/dse/round2_full/512x256/d60_c60/fc_512_512
0.8,0.0,512x256,fc_512_512,22,45,1,2,2,690,10978,6.3,169.51066666666668,254.03100000000003,14.6802,0.6673,1033.92,693.31,0.6706,0.4475,120,120,214,0,88,44,/mnt/vault0/jiajunh5/nl-dpe-fpl/dse/round2_full/512x256/d80_c0/fc_512_512
0.8,0.2,512x256,fc_512_512,31,63,1,2,2,960,8782,10.9,155.601,254.03100000000003,18.9884,0.6125,1125.43,693.31,0.616,0.3773,120,120,323,0,124,62,/mnt/vault0/jiajunh5/nl-dpe-fpl/dse/round2_full/512x256/d80_c20/fc_512_512
0.8,0.4,512x256,fc_512_512,40,81,1,2,2,1230,6586,18.7,157.75333333333333,254.03100000000003,24.84,0.621,1110.22,693.31,0.6245,0.3878,120,120,368,0,160,80,/mnt/vault0/jiajunh5/nl-dpe-fpl/dse/round2_full/512x256/d80_c40/fc_512_512
0.8,0.6,512x256,fc_512_512,58,117,1,2,2,1770,4391,40.3,138.69933333333333,254.03100000000003,31.6676,0.546,1261.33,693.31,0.5497,0.3001,120,120,521,0,232,116,/mnt/vault0/jiajunh5/nl-dpe-fpl/dse/round2_full/512x256/d80_c60/fc_512_512
1.0,0.0,512x256,fc_512_512,31,63,1,2,2,960,10978,8.7,141.07399999999998,254.03100000000003,17.2156,0.5553,1240.27,693.31,0.559,0.3104,120,120,323,0,124,62,/mnt/vault0/jiajunh5/nl-dpe-fpl/dse/round2_full/512x256/d100_c0/fc_512_512
1.0,0.2,512x256,fc_512_512,36,72,1,2,2,1110,8782,12.6,158.99033333333333,254.03100000000003,22.5313,0.6259,1101.66,693.31,0.6293,0.3939,120,120,325,0,144,72,/mnt/vault0/jiajunh5/nl-dpe-fpl/dse/round2_full/512x256/d100_c20/fc_512_512
1.0,0.4,512x256,fc_512_512,45,90,1,2,2,1380,6586,21.0,139.35799999999998,254.03100000000003,24.6864,0.5486,1255.42,693.31,0.5523,0.303,120,120,405,0,180,90,/mnt/vault0/jiajunh5/nl-dpe-fpl/dse/round2_full/512x256/d100_c40/fc_512_512
1.0,0.6,512x256,fc_512_512,63,126,1,2,2,1920,4391,43.7,125.084,254.03100000000003,31.021,0.4924,1397.52,693.31,0.4961,0.2443,120,120,619,0,252,126,/mnt/vault0/jiajunh5/nl-dpe-fpl/dse/round2_full/512x256/d100_c60/fc_512_512
